count	token	vocab	dist	context
11770	가지	사지	1	실제로 해 본 건데 뭐 술레잡기 같은 거 해 가지고 식상이 발달한 사람이 막 도망가잖아요. 아 
10529	조금	토금	1	 이게 식상의 본성이기 때문에 식상 앞에서는 조금 약한 척, 상대가 필요한 척 하는 것도 방법
7570	경우	경오	1	 분들은 딱히 연하에게 [음악] 관심이 없는 경우가 되게 많습니다. 왜냐? 이미 내 인생에 동생
4124	하지	사지	1	. 그래서 이런 분들은 목표를 먼저 정하자. 하지만 [음악] 역시나 그대들이 오래 살 수도 있지
2885	올해	을해	1	마음을 다스려 보시면 좋을 거 같고요. 특히 올해가 너무 힘들다 하신 분들 있잖아요. 이런 분들
2866	일단	일간	1	  둘 다 일단 이모생이다가 수가 세고 차가운 구성이잖아요.
2633	인생	인성	1	없는 경우가 되게 많습니다. 왜냐? 이미 내 인생에 동생이 너무 많아. 많이 없겠어요. 나 넘어
2267	결국	격국	1	 될지 모르겠어. 이런 느낌이거든요. 그니까 결국 경금을 녹이는 건 병화가 아니 정화다. 제이
2253	이유	기유	1	서 토재선들이 은근히 코인 같은 걸 잘못하는 이유가 그런 거예요. 이해가 잘 안 가요. 이 개념
2143	해서	해수	1	황의정승 스타일이랄까. 심하면 선택을 잘 못 해서 주변 사람들을 답답하게 할 수 있다고. 가끔
2128	있지	일지	1	서 하루 쟁해 얼굴에 웃음기가 하나 없을 수 있지? 우리 이혼해 [웃음] 못 하겠어. 노잼이라
2033	일이	일지	1	안 가리고 무조건 직진하는 불도자야. 대망의 일이는 두구두구두구두구두구두구 경환. 병화는 이미 
1936	아주	사주	1	녀할 [음악] 것 없이 어린 것, 약한 것을 아주 잘 다룹니다. 뭐 식신하고 상관 차이 없나요
1842	변화	병화	1	있구요 다른 학교나 회사 로 갑자기 이동하는 변화가 생긴다고 특히 힐 가능성은 갑작스러운 변화 
1609	무슨	무신	1	세계가 정전이 되면 다 없어지는 거 아니야? 무슨 얘긴지 알겠어요? 그런 개념들을 받아들이는게
1515	인해	신해	1	 진짜 자연스러운 거예요. 내가 지금 성취로 인해서 자리도 [음악] 바뀌었죠. 역할도 바뀌었죠.
1371	시기	시지	1	괜찮아. 벌써 걱정할 필요는 없어. 오히려이 시기를 무사히 넘기기만 하면 9월에는 쌓였던 일들을
1341	월이	월지	1	야 목표를 향한 집중력이 특히 높아진다고 11월이 특히 중요하니까 잘 기억해도 세 번째 염소자
1284	자꾸	자수	1	사 가지고 바다에서 종이 [음악] 박스 깔고 자꾸 이런다는 겁니다. 이제 회사 가서도 멀쩡해.
1155	화가	화개	1	도 토가 되게 강하세요. >> 아 신기하다. 화가 토를 생해 주니까 결국 토가 굉장히 강해지는
1113	자신	자식	1	전화할 수 느껴지시거나 >> 그래서 나를 나 자신을 제일 많이 공부를 해야 돼. 모르는 사람들이
1088	이미	기미	1	 관심이 없는 경우가 되게 많습니다. 왜냐? 이미 내 인생에 동생이 너무 많아. 많이 없겠어요
1018	이해	기해	1	지 바로 알려 줄게. 2위 무오일주. 무오는 이해와 포용의 화신이야. 이래도 그만. [음악] 저
964	상황	상형	1	. >> 걱정마. 겁살이 들어온다는 건 경쟁 상황이 많이 발생한다는 뜻이야. 싸워 나가면서이기는
956	인간	일간	1	 [음악] 돼. 새벽 아침 일찍. 이때 보통 인간이 어떤 상태냐면 일어나기는 했는데 몸이 일어나
902	기회	기해	1	우고 대박날 일만 남았다고 하니 오히려 좋은 기회라고. 육해살을 잘 넘기려면 명상 요가로 마음을 
812	사회	사화	1	 욕구를 뜻해. 그래서 편관이 강한 사람들은 사회가 제대로 굴러가지 못한다고 [음악] 느끼면 위
805	월은	월운	1	소에 바른 행실로 좋은 평판을 만들어 두면 7월은 위로 올라갈 일만 남았으니 꼭 참고해. 이 
794	되지	쇠지	1	 미래를 노모 카게 견뎌야 하는 무영을 맡게 되지만 꼬리 만큼 줘 큰 성과와 큰 분을 벌게 된다
756	년이	년지	1	 별자리별 행동 지침. 피상, 피상. 2026년이 코아피야. 2026년에 꼭 지켜야 하는 행동
753	계시	계미	1	포스텔러라는 어플인데 아마 사주로 많이 알고 계시는 분들 있을 거예요. 근데 저는 포스텔러는 점
739	사이	사지	1	상은 사이언스 아시죠 1 거리가 먼 미간 눈 사이 간격이 뭔 사람은 우유부단을 거절을 못 한다
735	자주	사주	1	는 기질, 연구하고 파고드는 양상이라고 제가 자주 말씀드리잖아요. 그러면 그런 행동이 나오기 
702	이성	인성	1	그러다 보니까이 식상이 발달한 사람들은 동성 이성 할 것 없이 아랫 사람과 연하에게 인기가 좋
686	정리	정미	1	대로 안 되잖아요. 예를 들어서 난 색깔별로 정리하고 싶은데 다른 사람 뭐 소재별로 하고 싶을 수
659	계신	기신	1	 장소 불문 지지의 신금 두 개 이상 가지고 계신 분들. 이분들은 일단 요게 좀 됩니다. 뭐요
575	양이	양인	1	토랑 친구인가 아닌가 궁금하신 분들은 이제이 양이 나한테 직구은 장난을 좀 치냐, 화를 내냐 
573	격각	격국	1	에는 이제 병신월인데 병오년이다 보니까 신호 격각 생 왕제의 격각은 규모가 크다라고 늘 말씀드
572	투자	무자	1	궁금한 분야의 강의를 듣는 것처럼 나를 위한 투자를 아끼지만 번 돈으로 스스로를 성장시키면 나중
572	신경	신강	1	 소분에 휘말릴 수 있다고. 사람들의 시선도 신경 쓰면서 나의 매력을 뽑는다면 도화살의 좋은 
546	현재	편재	1	  일주 지지 현재 얼굴 안 보고 못 산다고요. 정재도 마찬가지
483	계세	계사	1	음악] 수 있고 컨트롤할 수 있는 곳에 가게 계세요. 
467	월주	월지	1	왜냐? 아까 말씀드렸잖아요. 일주나 [음악] 월주에 비해서 시주는 굉장히 내 심층에 있는 본성이
431	하신	희신	1	 좋을 거 같고요. 특히 올해가 너무 힘들다 하신 분들 있잖아요. 이런 분들이 화기가 너무 강
421	양기	양지	1	가 가서 좀 취대고 싶은 선우님 밝고 따뜻한 양기에 본능적으로 끌리지 않을까 싶어요. >> 또 
401	정신	정인	1	요. 식상관 분들이 거기에 질려 가지고 가끔 정신을 차렸다고 생각하면서 뭐라 그래요? 나도 나를
397	각자	갑자	1	표현하자면 초나무들의 합이라고 할 수 있어. 각자 자기 주장이 강하지만 서로의 영역은 침범하지
383	주식	자식	1	아요. 근데 이거 지금 휩쓸려 가지고 한평생 주식 안 해 본 사람들이 막 전세 자금을 싸들고 
379	가진	갑진	1	살은 한자로 빼앗길 컵. 흉한 기운살을 써서 가진 것을 빼앗기고 위협을 받는다는 뜻의 흉살이야
369	해주	해수	1	씨가 상원 씨 옆에서 동료도 잘해주고 칭찬도 해주고 엄마처럼 잘 보살펴 줬을 것 같다. 우리의 
360	피해	기해	1	  솔직히 비견겁재에서 제일 흔한게 피해 망상이에요. 근데 이게 아주 망상은 아니에요
353	까지	사지	1	사람들은 내가 1에 있어요. 그러면 3이나 4까지 내다볼 수 있어요. 근데이 귀문관살이 있는 
339	정의	정유	1	 파라팔아나 쳐야겠다. 3위는 경금. 경금의 정의는 독재로 실현된다. 2위는 바로 무토. 겉으로
327	무언	무인	1	달은 좀 눈을 넓히는 것도 괜찮고 내가 혼자 무언가 열심히 열중하는 것도 좋지만 혼자 일을 하시
325	인정	인성	1	런 노력들도 빛을 내지 못해서 주위 사람들의 인정을 못 받는 억울한 상황이 많겠어. 그래서 그랬
322	부자	무자	1	  3월에 부자 되거나 감옥 가는 띠 세 가지. 바로 뱀띠,
305	지식	자식	1	해요 1위 쌍둥이자리 쌍둥이자리는 얕고 넓은 지식으로 만인의 대화 상대가 되는데요 문제는 지식의 
300	화기	화개	1	무 힘들다 하신 분들 있잖아요. 이런 분들이 화기가 너무 강해서 힘든 것일 수 있거든요. [음악
297	기도	기토	1	되지 않았는데 혈액간 바로 직전 그니까 제가 기도를 엄청 열심히 했거든요. 지금 이제 거의 정상
261	오해	오화	1	[음악] 느끼게 해 준다고요. 그래서 정화가 오해도 많이 받지만 여튼 그래서 별 생각 없는 임수
258	병원	병인	1	츠 하얀색이었는데 이만큼이 구겨졌고 그렇지만 병원에 막 입원할 정도는 아니었고 저 진짜 이런 일
247	주신	구신	1	고요. 데토친 영상에서 여러분들이 댓글 달아 주신 것을 리뷰하고 있어요. 그래서 오늘 영상에 
239	목과	목화	1	  이제 목과 관련이 되어 있는 직업들이 있는데요 이제 목
235	왕지	양지	1	지가 만났다 헤어지고 만났다 헤어지고 할 때 왕지가 또 여러 사람 사이에서 갈팡질팡할 때 요지는
234	부인	무인	1	자수는 귀문관살이라 해서 굉장히 예민한 성격 부인의 고집이 엄청 강하고 스트레스 매우 취약한 사
229	연주	년주	1	어떻게 늦을 걸 빠를 걸 요런 느낌이 드는게 연주 고립의 느낌이에요. 연주 고립이 있는 분들은
227	영화	병화	1	라의 색깔로 그분의 느낌이나 이런 걸 봐요. 영화랑 똑같아요. 그 빛으로 이렇게 보이는 거예요.
224	인사	신사	1	. 그 좋은 평가라함은 연봉이라든지 또는 뭐 인사 이동, 뭐 고과 이런 거 있어 가지고 좀 좋
218	대화	도화	1	 상대방을 읽어낸 후 자신이 유리한 방향으로 대화를 이끌어 나간다고 합니다이 매력으로 사람을 쥐
212	반합	방합	1	게 많이 일어나고 있어. 이노술합 중에 이노 반합이 일어나고 또 월지에서는 축이 암 >> 그리고
211	사중	사주	1	게요. 아, 그리고 이분이 계사일주여 가지고 사중에 경금이 있다고 한번 해 보겠습니다. 그냥 아
205	연인	편인	1	악] 저 사람을 위해 줄 거고 내 가족, 내 연인, 내 친구한테 [음악] 잘해 줄 거야라는 걸
204	쉬운	세운	1	그 사람을 조금 휘어잡아 버리는게 차라리 더 쉬운 공략법이거든요. 그래도 네가 좋다니까라고 해
203	개수	계수	1	수 있기 때문에 친한 느낌이 있어요. 왜냐면 개수도 엄청 섬세한 일간이고 신금도 되게 기존 많은
202	병존	병진	1	  병존의 대해서 간단하게 설명 드리면요 포스텔러 만세
199	기대	기해	1	하던 목표를 빠르게 성취할 수 있어. 주변의 기대도 커지고 활동 범위도 넓어져서 다양한 분야에서
196	일감	일간	1	몸에 받는 기운인데요뿐만 아니라 돈벌 기회와 일감도 정신없이 쏟아진다고 합니다 원숭이 쥐 용띠 
187	강사	상사	1	얼굴이 눈에 들어오지 않아. 그래서 이분들은 강사나 선생님 같은 교육 계열에 오히려 좋아요. 이
186	이사	기사	1	두칠성 강을 써서 북두칠성의 으뜸별을 의미해 이사를 가진 사람들은 대장의 기운을 타고 나서 누구
178	절기	절지	1	이렇게 태양의 움직임에 따라 1년을 24개의 절기로 나눈게 절개력이야. 이 24절기의 첫 번째가
176	전화	정화	1	 오히려 그렇게 했다라는 거야. >> 그래서 전화가 없는 거 보니까 잘 지내고 있는 거지. >>
174	도와	도화	1	음 법 가만있어도 이성을 올리는 도화살 이런 도와 사례도 종류가 있다는 사실 알고 계셨나요 종
167	잊지	일지	1	버는 것만큼 모으는 것도 중요하다는 거 절대 잊지 마. 내가 가진 다른 궁금하다면 댓글로 꼭 
167	배운	대운	1	약 좋아하는 사람한테 내가 먼저 고백했다 면 배운 시기엔 반대로 많은 이성에게 고백을 받게 되
166	주지	지지	1	은 왕자님이고 아니면은 뭐 나랑 같이 야반도 주지 뭐. He. 
166	운에	운세	1	을 때는 주시는 것도 저는 괜찮아요. 이거는 운에 들어와 있는 분이 있기 때문에 그런 것들 한
165	일시	일지	1	단번에 안다고 해요 두 번째 카톡 먼저 끊기 일시 혹은 아닐 씹을 말하는게 아니에요 건강하게 
163	적인	정인	1	관도 사람을 보는 부분에 있어 가지고 너무 F적인 감성이 아니라 약간은 t 그리고 J 같은 느
162	귀신	기신	1	제일 많이 공부를 해야 돼. 모르는 사람들이 귀신이 씌었는지를 몰라. 왜냐면은 내가 행동을 하다
157	지키	지지	1	게 사는 걸 즐기는 사람들이야. >> 루틴을 지키고 주변을 정리하는 것에서 히어를 느끼지. 어때
154	싶지	시지	1	 같아. 그 7번은 늘 힘든게 뭐냐면 나서고 싶지 않은데 어떻게 하다 보면 이렇게 앞에서 있는
151	사기	사지	1	무시무시한 살이야. 돼지띠들은이 중에서 특히 사기로 인한 재산 손실을 주의해야 해. 안 >> 돼
150	원인	원진	1	기가 참 어려워요. 동양 철학은 모든 문제의 원인을 어디서 찾습니까? 나한테서 찾죠. 그래서 제
150	상생	장생	1	잘 다니는 거고 아무래도 좀 관이 있고 관인 상생이 되고 식신생재가 제대로 되고 이러면은 아무래
146	편지	년지	1	주기. 첫띠 이건 내가 만든 거야. 직접 쓴 편지와 정성이 가득한 선물하기. 호랑이띠. 너는 정
143	진로	진토	1	을까를 좀 고민해 보시면서 사업이든 취업이든 진로든 그쪽으로 들어보시는 것도 괜찮고 이번 달부터
142	자시	자식	1	 생시별 특징 바로 알려 줄게. 밤, 해시, 자시, 축시. 행동하기 전에 생각하는 시간이 더 
140	인자	임자	1	리에요 하지만 때가 올 때까지 나서지 않고 2인자의 위치에서 자신의 힘을 꽁꽁 숨기고 있다가 적
139	빠지	사지	1	하게 이제 딜이 이게 약해져요. 그래서 치고 빠지는 걸 잘해야 돼요. 울고 늘어지는 힘이 아니기
136	수술	무술	1	사람을 만나게 된다고 해요이 큰 병에 걸려서 수술을 받다가 죽는 꿈 큰일이 성사됨을 암시합니다 
133	계산	계사	1	끼는게 더 중요해. 아는 물건 톡톡 집어넣고 계산 찍. 
131	사진	사지	1	가까워. SNS에 생각 없이 오렸던 [음악] 사진이나 영상이 관심을 받거나 중요한 발표나 면접이 
129	강합	궁합	1	대 일주 지지에 축이 있는 식으로 맞는게 더 강합니다. 자, 육합은 특히나 서로를 변화시키는 작용
128	완성	인성	1	  8월에 가만히 있으면 거짓되는 때. 완성이 때 쥐대 용대는 8월에 밖으로 나가지 않으면
127	신살	신사	1	면 프로필 링크에 포스텔러 만세력을 눌러봐. 신살과 길성에서 쉽게 알 수 있어. 다른 살도 궁금
127	명이	명리	1	 지체되면 우리 부족이 다 죽어요. 근데 한 명이 다리를 다쳤어. 그럼 이제 겁재 낭랑하고 식
126	편이	편인	1	애교 많고 형님이 하라는 거 되게 잘 따르는 편이잖아요. 나보다 형이다. 말 잘 들어야지 이게 있는
125	일부	일주	1	노마이트를 잔잔한 호수에 떨어뜨려서 폭발하게 일부 짓던 느낌이에요. 폭발하면 어떻게 됐어요? 
124	자세	자수	1	 친구는 아 보기와는 굉장히 다르다. 이만은 자세가 다르네. 이렇게 되는 거죠. 그리고 유혜진 
124	양은	양인	1	이리저리 떠돌아다니며 새로운 것에 도전하지만 양은 자신의 자리를 지키는 것을 좋아해. 그래서 
123	시키	시지	1	 안 만날 겁니다. 엄마 말 잘 듣고 엄마가 시키는 대로 다 하는 착한 아들. >> 이분이 자유
121	신자	신사	1	살을 보는 부분 말씀드리면 제가 여러분들에게 신자 지 앰 용이 인 오 술 4 6주 이 4가지 
121	술도	술토	1	식이야. 그리고 보통은 조직생활 어떤 인간의 술도 필요하잖아요. 그러니까 관인상생을 얘기하는 
119	신호	신해	1	  대운이 올 때에 그 나타나는 징조와 신호가 있을까요 첫 번째로는 뭐 좀 전에 말씀드린 
116	관찰	관살	1	 이게 사람 인간관계가 쌓이는구나 요런 거를 관찰을 해 가지고 야무지게 적용을 해요 그러다 보니
114	연관	편관	1	러분 그럼이 두 살이 필연적으로 리더십 하고 연관이 되겠죠 근데요 리더가 아무나 하는 거 아니죠
113	화해	화개	1	유지해서 비슷하게 하시면 됩니다. 근데 양해 화해 음행화로 바뀌는 식이기 때문에 내가 하는 것
113	더운	대운	1	저는 어떤 느낌이냐면은 대구 있죠? 그 정말 더운 대구에 꽃이 펴놨는데 비가 안 오고 있는 그
112	기가	기사	1	  기존 3 라 인지 확인하는 방법 진짜 기가 센 사람과 기 센 척하는 사람 사주의 성 타
112	계기	계미	1	고통스러운 상황이 있었을 텐데요. 이게 어떤 계기를 통해서 한 방에 무너지게 되고 종결이 됩니다
111	평화	병화	1	 좋을 거 같아요. 이 토의 기운이 [음악] 평화와 안정이기 때문에 내가 마음이 좀 불안하고 흔
111	세우	세운	1	 팀과 함께 하려는 기집, 내 [음악] 뜻을 세우고 동료를 모으는 힘 이런 거라고 말씀드렸을 거
111	상상	상사	1	구 경환. 병화는 이미 그 사람과의 결혼식을 상상 중이래. 어때? 맞는 것 같아? 프로페에서 
110	조화	도화	1	로바로 태극 기니야 사주에서 태극이란 음향의 조화를 이루는 상태를 말해 만물의 시작과 끝을 의미
110	손금	신금	1	  손금으로 보는 연애 스탈 1 돌직구 실속파 마음을 못
107	화수	해수	1	 편하게 물어봐 주세요. 다음 화수목금 궁금 화수 화수토 궁금하신 분들은 계속 영상 시청해 주
106	신이	신미	1	하는 분야. 전문 분야 [음악] 얘기를 하면 신이 난다는 거죠. 뭐 이렇게 꿍꿍이가 있거나 의
104	손해	신해	1	맞는 걸 극혐한다고 해요 억지로 납득시키거나 손해 볼 것을 강요하면 금방 너 죽고 나 죽자고 
103	비해	기해	1	 사실 몸이 약합니다. 몸이 약하다는게 뭐에 비해 약하다? 내 계획. 내 목표에 비해 내 몸이
102	소화	도화	1	 문제가 있어야 되거든요. 보통 말라요. 데 소화 기간에도 좀 문제가 있고요. 과미성 대장이나
102	비유	기유	1	운이 많은 사주는 물상문에서 애정 그 자체에 비유예요 기본적으로 애정표현이 많고 열정적인 데다 상
99	개미	계미	1	람들도 인정하는 문제 없는 사람. 근데 이제 개미랑 임술은 어떤 위치가 주어졌을 때 [음악] 자
98	마주	사주	1	오는데요. 내려놓게 되었을 때 비로소 진실을 마주하고 내면의 깊은 곳에 치유가 시작될 거예요. 곧
98	다수	자수	1	가 대인관계 반전이 좀 많은 편이에요. 이게 다수가 보기에 되게 좀 편안하고 친근한 스타일이거든
97	재산	재살	1	어와서이 여섯 가지를 주의해야 한는데 질병, 재산, 탕진, 가난, 형벌, 이별, 사망이라니 무
96	형상	형살	1	 다시 할까요? 하면 >> 네. >> 여자의 형상이 이렇게 그림자처럼 뜰 수 있고요. 그런데 보
96	인지	일지	1	  기존 3 라 인지 확인하는 방법 진짜 기가 센 사람과 기 센 
96	알지	월지	1	호가 제일 [음악] 못 참는 거 나 너무 잘 알지. 멍청할 거 너무 화가나 저 멍청이들을 내가
96	대우	대운	1	정하는 기운이기 때문에 어떤보다 중요하겠지? 대우는 지금까지 하는 다른 삶을 살게 되는 인생의 
92	재정	재성	1	못한 곳에서 수익이 발생해. 하반기로 갈수록 재정 상태가 안정돼서 연말에는 여의사금으로 여행까
91	화로	화토	1	 쯤에는 같은 화는 화인데 양해 화에서 음의 화로 넘어가는 시기라 볼 수도 있거든요. 그런데 
91	이겁	비겁	1	절을 반영해서 내사주의 오행을 보는 것이다. 이겁니다. 
88	일반	일간	1	 은근디 영화 보면은 그 생존 기지에 수많은 일반 노동자가 있죠. 그냥 뭐 이렇게 뒤에 돌아다
88	신장	신강	1	에 해당이 되는 장부를 신 방광으로 보는데요 신장하고 방광은 곧 생식기에 해당이 됩니다 다오 묘유
88	사과	사화	1	말아 만든 롤케이크나 사랑과 애정을 의미하는 사과를 사용한 디저트가 애정운을 올려줄 거예요 여러
87	정치	정미	1	하는 특성이 합쳐지면 일도 잘하면서 직장 내 정치에 도능한 사회생활 말렙이 탐생한다고. 내가 한
87	인수	임수	1	밀히 따지면 불의 기운인 정화와 불의 기운인 인수가 만나면 생명의 해당하는 목을 만들어 낸다 그
87	뭐지	묘지	1	 착착착착 이렇게 하는 거란 말이에요. 이게 뭐지? 약간 간지러운가? 뭐지? 이게 요런 수준이
85	주목	수목	1	 일간이 토이고 술을 재성으로 가진 사람들은 주목. 오늘은이 사람들이 돈을 어떻게 하면 벌 수
84	정하	정사	1	되고 언제 시간을 함께 보낼 수 있는지 미리 정하는 것도 도움이 된다고 합니다 정해진 시간에 대
84	사시	사지	1	크거든요 그래서이 비뚤어진 수레바퀴를 가지고 사시는 분들 오행에 치우 치신 분들은 삶에서이 부분
82	인신	임신	1	 거 다 깡그리 무시하고 사주팔자 영마뜻하는 인신 사회가 많거나 또는 일주칸에 위 아래 색깔이
82	병이	병오	1	나는 별이라는 뜻이야. 말 그대로 나에게 큰 병이 왔을 때 하늘의 의사를 만난 것처럼 치유될 
80	메인	무인	1	에 있기는 한데 어느 정도 수평적인 분위기고 메인 플레이가 가능한 조직 있죠 그런 곳에 있으면
80	가수	자수	1	 씨가 그 유명한 일화가 있잖아요. 엄마 나 가수하고 싶어 했는데 안 돼라고 해서 어떻게 해야 가
78	미터	미토	1	편이에요. 그래서 사람들한테 물어보면 어 나 미터하고 친해다 그 양하고 친해요. 이렇게 말하는 사
77	인상	인성	1	 있는 사람들은 보통 눈을심이 예쁘고 따뜻한 인상을 가진 민남 미녀가 [음악] 많아. 이성이 꼴
77	살지	사지	1	내력도 좋고 원만한 편이라서 다들 조용히 좀 살지. 평화롭게 살자. 어우 지겨워. 이러고 이제
76	모토	미토	1	사람 안 맞고 가는 사람 안 잡는다가 연애의 모토예요 구속되는 것을 몹시 싫어해서 연락을 끊고 잠
76	개성	재성	1	르는 별자리 top3 3위 물병자리 평소에도 개성이 강해 독특한 발언을 잘하는 물병자리인데요 예
75	일만	일간	1	9월에는 쌓였던 일들을 빠르게 치우고 대박날 일만 남았다고 하니 오히려 좋은 기회라고. 육해살
75	이지	지지	1	보시면 좋을 것 같아요. 세 번째 갑작스러운 이지, 퇴사 같은 이슈가 있을 수 있으면 당황하지
74	이수	임수	1	긴 할 거예요. 그래도이 시리즈 이름이 자미 이수잖아요. 재밌는 자민 조수 얘기를 하는데 오늘도 사
74	성형	상형	1	  소화 수의 성형이 완전 정반되기 때문에 서로 생각하는 거는 진
73	인복	인목	1	> 천주 귀인의 장점 하나 더. 이 사람들은 인복도 훌륭하다고 해. 평소에 넘치는 복을 주변 사
73	묘미	묘지	1	찮아. 원래 이게 라디오죠. 그죠? 팟캐스트 묘미. 음. 어 저는 s O ry 쏘리 쏘리. 왜
72	수화	사화	1	거나 목이 강하신 분들 같은 경우에는. 근데 수화 목이 강할수록 질러 이거는 조금 고민하시는게
71	터지	태지	1	  가장 힘든 시기에 돈뻑 터지는 사주. 송혜교 안성제 장도연에게도 있다는 [
70	진도	진토	1	  수다자 성욕이 많다고 하는데 스킨십 진도는 제일 약한 이유가 뭘까요 원래 수는 생각만 
70	정자	정사	1	만 싶다. 근데 저는 사실 어떻게 보면 우면 정자에서 그렇게 많이 화제가 됐던 편은 아니니까 다른
70	역사	역마	1	예 맛다 막 이러면서 잘 마시는데 이게 뭔가 역사를 공유받는 느낌이 있잖아요 나도 이런 사회적으
70	말자	팔자	1	. 근데 머리로만 생각하다 보면은 에이 하지 말자. 아 상상만 해도 피곤하다. 어차피 안 될 
69	장사	정사	1	니다 뱀이 돼지로 변하는 꿈 횡재수가 있어서 장사를 한다면 시기가 맞아 떼돈을 벌게 될 수 있어
69	따지	사지	1	리가 좋아 싸울 때도 논리와 팩트로 하나하나 따지는 스타일이라 상대방에겐 이만큼 곤혹스러운 상대
68	식사	신사	1	고프다고 화를 낸다거나 우리집 거실에서 혼자 식사를 하고 계신다거나 그리고 이제 그런 꿈은 진짜
68	나지	사지	1	기 일에도 마찬가지예요. 이런 걸로 막 화가 나지만 나이가 들면 약간 그 티들이 [음악] 공감을
67	일가	일간	1	 이야기하면 검수 상관격에 해당이 되겠는데요 일가 금이고 월지가 이제 상관이나 아니면 이제 일
67	명리적	명리학	2	달이다. 줍는 달리라 볼 수 있거든요. 이게 명리적으로 봤을 때 지금은 시장 조사하는 단계. 남들이
66	개운	대운	1	합니다. 그래서 이제 베스트도 보시고 먹어서 개운도 하시고 이렇게 하시면 되겠습니다. 
65	신의	신유	1	 말씀드렸으니까 한번 참고해 주시고요. 신사 신의 신미일주분들 좀 말씀드리고 싶어요. 우선 신
65	식당	식상	1	하지만 같은 시기에 [음악] 미슐랭 쓰리스타 식당에 오픈 멤버가 될 수 있는 기회를 얻어냈다고.
65	내지	태지	1	맘 하고 신청한 사람이라 도와줄 때도 생색을 내지 않는 사람이다 이 사람은 분양 하게 물질적으
64	공항	공망	1	 아니면 마음 컨트롤하기 힘든 거에요 그래서 공항 사회가 볼 수도 있고요 또는 너무 심한 사주
63	이신	기신	1	맞는 신발이 편관에 오랫동안 방치되면 귀신이 이신 져 신 신어보면 온다고 합니다 특히 중요한 
62	임무	임수	1	다.  하지만 일반적으로 경신은 자신이 맡은 임무를 완수해야 한다는 개인적인 기준을 가지고 있다
62	관상	관살	1	개 일본인? >> 백재개 [웃음] >> 얼굴 관상에서 나오나봐. >> 오키나와는 안가 보셨어요? 
61	운성	인성	1	  12운성 중에서 장생고 제왕이라는게 있는데요 도화는 
61	미술	무술	1	 없는 거야 형사는 인신사해 자오 묘유 축진 미술 이렇게 같은 파벌의 기운을 가진 애들끼리 묶
61	문신	무신	1	동안 [콧방귀] 어 학원 강사를 했는데 몸에 문신이 많아요. [웃음] 근데 [헉 소리] 어 뭐 
61	무대	무재	1	멤버들이 뭘 열심히 준비하면이 사람이 보여줄 무대로 이끌어 주는 그런 역할을 하는 거예요. 여기
60	색상	식상	1	 잘 풀리고 좋은 직장을 구할 수 있대요 1 색상은 블랙 앤 화이트 편관이 위치한 지옥과 인생의
60	사수	사주	1	가 정말 가고 싶었던 데가 있었어. 근데 내 사수가 그걸 도와주지 않았어. 그 흐름이 시대가 날
59	신기	신미	1	  신께 나도 있는지 확인하는 법 신기 란 보통 사람에게 보이지 않는 귀신이나 초자
59	사와	사화	1	자와 능통하게 맞지 않는 글자입니다 진토 와 사와 에듀 악을 컬러 지망 이라고도 하는데요 천라
59	배우기	배우자	2	돼요. 잘 어울리는 언어라고 하면 여러분들이 배우기 쉽거나이 언어를 하면 잘 활용할 수 있는 언
59	기지	지지	1	해 주니까 내가 너무 기절인 거야. 고정적인 기지를 갖고 있어서 변화가 많거나 변화를 강제적으로
59	개해	계해	1	고 나와서 시청자들의 도파민을 책임질 거야. 개해, 병인. X 때문에 24시간 눈물을 흘리는 
58	형사	형살	1	래서 어디 갇힌 것처럼 나갈 수가 없는 거야 형사는 인신사해 자오 묘유 축진 미술 이렇게 같은 
58	신랑	신강	1	 해 보도록 할게요. 따라란 을축일주입니다. 신랑의 갑술. 오, 갑술. 건강운이 궁금합니다. 아
58	사조	사주	1	른 시간대에 태어나신 분들은 태어난 계절이나 사조 오행이 시간하고 상반되면 그 기운이 잘 눈에
58	미신	기신	1	이제 과학하면은 이성적이고 데이터 기반적이고 미신 이런 건 안 믿을 것 같고 그런 이미지가 있
58	경제	형제	1	예술적인 감수성이 높아 예술 분야에서도 높은 경제에 다다를 수 있다고 하니 참고하시면 좋겠죠 귀
57	토금수	토극수	1	은 일간 궁합이라고 볼 수 있고요. 제노시는 토금수가 발달되어 있죠. >> 어 보이는 거 같아요.
57	주인	무인	1	 이제 물을 이렇게 들였어요. [음악] 한 2주인가 갑자기 손님들이 뚝뚝 끊기는 거예요. 예약 
57	재생	재성	1	제 이렇게 되면 여기도 말릴 사람이 없어요. 재생과 뭘로 말릴 건데요? 여기는 심지어 머리라도 
57	장관	정관	1	도 만날 수 있는 거예요 왠지 아세요 여기지 장관 한번 볼게요 어제 영상 많이 보시는 분들은 
56	잃지	일지	1	앞에 있는 성공이 달아나 버린다고. 페이스를 잃지 않고 하던 대로 열심히 해 나가면 곧 원하는
56	경호	경오	1	잡돌이하는 스타일. 1위는 바로 경오 일주. 경호는 기동성까지 있어서 따라다니면서 잡돌리해. >
55	지니	지지	1	 타고 나서 누구도 막을 수 없는 강한 힘을 지니고 있어. 힘든 일이 있어도 스스로의 힘으로 다
55	성인	정인	1	로가 서로를 인간 만들어 주려고 만나는 살신 성인의 현장을 우리가 보게 됩니다 나에게 극딜을 박
55	기초	기토	1	모르는 사람 누구다 본인 혼자다 진짜 웃긴게 기초들이 보통 스스로 평가할 때요 본 되게 차갑고 타
54	우화	오화	1	글자가 5화죠 자 그러면 이분은 이미 자수와 우화가 충대고 있는 상황이니까 도와충이 받는 사주네
54	비결	비견	1	필 링크에서 2024 무료로 보는 신년 토종 비결로 나의 재물운을 확인해 보세요 
54	배우시	배우자	2	 거구나. 집단이라는게 요렇게 굴러가는구나. 배우시고 나서 자기 사업을 하시면 이제 드디어 내 갈
54	무터	무토	1	 >> 아 어떡해 감정이 이입돼 지금 어떻해 무터 아니면 임수예요? >> 아닙니다. >> 아씨
53	편제	편재	1	머니 덕은 인성으로 봐야 되겠고 아버지 덕은 편제로 봐야 되겠는데요 인성이 기신인 사람 편재가 
53	차지	사지	1	 있더라고요 늘 잔잔하게 어느 정도의 파일을 차지하고 있던 시어 분 그리고 시험운이 재물운과 연애
53	정상	정사	1	  자, 다음은 토형산인데 넓고 완만하면서 정상이 평평한 산이 여기 들어갑니다. 서울 가까이에
53	월달	월살	1	간 요렇게 가져갈 수도 있는게 신금 일간의 5월달 칼 았죠 그래서 너무 단호한 태도가 오히려 
53	양띠	양지	1	에 이것 조심하면 대박나는 띠. 돼지대 토끼 양띠는 주먹. 이 새에게 8월에 겁살이 찾아와서 사
52	비경	비견	1	 적당한 느낌으로만 봐 주세요요 일지 자리가 비경 혹은 억제로 뜨시는 분은 우선 내 연인하고 
52	기타	기토	1	들이 [음악] 있긴 하거든요. 그래서 특히나 기타 가분들 중에 지금 내가 현금 사정이라던가 좀
51	무죄	무재	1	반전 여러분 진짜이 대반전 소름 끼치는 반전 무죄잖아요. 무죄 얘는 트렌드도 관심이 없고 돈에도 관
51	녹화	목화	1	력에 월별로 자세한 내용을 적어 두었으니 , 녹화를 설정해 주시면 감사하겠습니다. 잠시만 기다려
51	가자	갑자	1	악산, 한라산. >> 잠에서 우리 같이 등장 가자, 친구야. Yeah. 
50	심해	신해	1	을 듣지도 않아. 얘네가 사고의 점프가 되게 심해요. [음악] 예를 들면 순차적으로 사고하지 않
50	군대	관대	1	안 주변 사람들도 당연히 봐주고 >> 그리고 군대 있을 때는 이제 저희 군대 안에 인트라넷이라
49	장인	정인	1	  장인 어알 [음악] 오타크 사주 특징 바로 일주가
49	임목	인목	1	 상관이 사주에 떠 있고 그 권력 있는 진토 임목 이렇게 딱 박혀 있잖아요. 예운 씨가 오히려
49	일관	일간	1	수가 훨씬 강해지는 부분이다. 그러면 병정한 일관한테 유금은 이제 예시로 병정한 일간을 말씀드린 
48	청간	천간	1	다. 거기다가 이제 사회생활 자리인 월주에서 청간에 갑기 발생하고 밑에서는 사술 원진 제가 누누
47	화도	화토	1	 좋아하면 좀 괴롭히는 희한한 특성이거든요. 화도 좀내는 편이고 그 자기 감정을 웬만하면 안 
47	해소	해수	1	들은 막혔던 일들이 뻥 뚫리고 정체된 것들이 해소가 되고요. 그리고이 화가 생해 주는게 뭡니까?
47	오하	오화	1	씀드렸죠. 26년부터 27년은 병오 정미인데 오하와 정하이 흐름이 26년 하반기부터 27년 3반
47	예수	계수	1	체능적 해성 본인의 색을 굉장히 잘 투어내는 예수를 한답니다. 세상에 하나뿐인 나만의 스타일로 
47	아지	사지	1	했습니다 어둠의 사주 너무 궁금한데요 흑마법 아지 얘기하 흑마법 아지 아 막 그런 거 있잖아요
47	명시	명리	1	요 아 이게 무엇일까 그럼 명예 적으로도 내 명시 글 보면서 내가 필요로 하는 게 무엇일까 그
47	계셔	계사	1	 입주분들이 생각이 조금 더 발달하신 분들이 계셔 가지고 생각 먼저 하고 말하시는 분들이 있거
46	지진	지지	1	각하는 부분을 말씀드릴게요 첨가는 하늘이 줘 지진은 땅입니다 그리고 지장간은 생각이에요 이게 곧
46	일인	임인	1	로 보는 궁합 해당 영상은 띠가 아닌 태어난 일인 일주를 기준으로 보셔야 합니다 일주는 프로필
46	이토	기토	1	큰 도움이 된다라고 볼 수 있어요 두 번째로 이토는 디링 하는 식입니다 입니다 깊이 파는 시기예
46	세지	시지	1	같고요. 두 번째 기사일조분들은 말발이 엄청 세지는 시기에요. 말발이 세진다라는게 뭐냐하면은 말
46	모자	무자	1	리고 좋아하는 사람한테는 성심성껏 잘해 줘도 모자를 판이에요, 지금. 근데 거기다 대고 틱틱거리
45	화살	해살	1	  화살이 뭐냐면 내 안에 어떤 끼와 재능 이런게 있다
45	시비	시지	1	  이렇게 마주보는 시비 지신들의 직진해 만나는 합입니다 합은 일단 
45	기수	기사	1	고 있다 라고 한다면 정많은 그것을 조금 잘 기수 수박 오페어 해주면서 집단 잘 유지해 나가고
45	궁금	경금	1	라던가 기본 상식 같은 것들 또는 여러분들이 궁금하고 알고 싶은 부분이 있으면은 리스 봐야지, 쇼
45	값진	갑진	1	요 제 스스로한테 뭔가 주는 것 중에서 제일 값진 정성과 사랑이 들어간 그런게 뭔가 생각했는데
44	이목	인목	1	약간 범생이상, 차분한 상, 편재는 조금 더 이목이 뚜렷하고 더 잘생긴 상, 약간 특징 있는 상
44	식성	식상	1	다고. 어때? 잘 맞는 것 같아? 댓글로 내 식성은 어떤지아줘. 
44	개묘	기묘	1	고 있는 일주는 을묘, 정묘, 기묘, 신묘, 개묘이 다섯 가지인데 그중에서이 신묘라는 글자가 가
43	편견	편관	1	수치로 나오면이 사주에 해당해 비견과 겁재는 편견이 없고 자기 표현에 거리낌이 없어서 나와 같은
43	을이	을유	1	 [웃음] 이러면서 약간 노력으로 >> 되게 을이 있으시고 사람이 딱 봤을 때 신뢰감이 있으시
43	개강	괴강	1	쟁취해 낼 수 있대. 그 살은 바로 괴강살. 개강에서 괴강살인가? >> 괴강살은 으뜸괴 북두칠성 
42	치지	지지	1	성분들은 관사주라고 보는데 이게 쉽게 말해서 치지 않고 연애를 한다라 볼 수도 있는 거죠. 근
42	병조	병오	1	. 왜냐면 사화의 무기는 전문성입니다. 사사 병조는 예민함과 스트레스가 좀 높아요. 내 몸으로 
42	무가	무자	1	 신을 모시는 입장이고 경전이 있지는 않지만 무가라고 해서 이제 어떤 그 구에서 쓰이는 노래가락이
42	경이	경인	1	의 2월 경인월 운세입니다. 경이라는 글자에 경이 붙었죠? 그만큼 여러분들이 이번 달은 주도적
42	갑이	갑오	1	울하냐. 왜 불쌍한 애들이냐? 이러면 여러분 갑이 1번이잖아요. 자수도 1번이에요. 내가 무언
41	깨지	태지	1	가 필사의 노력을 했던 경험, 내가 부딪히고 깨지고 했던 경험들이 쌓여서 성공에 밑걸음이 되는 
41	고금	토금	1	 정도 달 발달했는데 사주팔자가 나가게 만큼 고금 까만색 이 많거나 하시는 분들은 두 가지 개
41	개유	계유	1	오늘은 보편적인 매력을 한번 뽑아보자 하면은 개유 가보겠습니다 왜냐면 개유 are 계수의 유금
40	재수	자수	1	정신 좀 차려고. 듣고 있냐? 막 이런 건데 재수는 진짜 눈을 이렇게 [음악] 똑바로 마아 보면
39	임성	인성	1	한번 보세요 얘는 겉모습은 정했는데 유아 4 임성 2종 세트를 다 가지고 있어요 변 인 정인 
39	일진	임진	1	 윈터 과연 사주는 어떨까요 먼저 카리나님의 일진은 기회로 실용적인 것을 중시하고 주위 사람들에
39	오후	조후	1	막 이런 발짝을 일으켜요. 갑자기 토요일 날 오후에 눈을 뜨자마자 갑자기 막 배기 후드를 막 닦
39	방학	방합	1	될 수도 있거든요. 그래서 방학이잖아요. 이 방학 때 대학생 분들 같은 경우에는 좀 대회 활동
38	정이	정유	1	는 거 되게 잘할 것 같은 느낌. 오 인들이 정이 많고 해맑아서 약간 교류하는 거 되게 좋아하
38	이자	임자	1	시간을 겪었지만 지금은 한국인이 사랑하는 MC이자 배우가 되었으니 천인이 얼마나 대단한지 알겠
38	사준	사주	1	이런 것들은 사주 구조에 따라서 그리고 내가 사준 부상에 따라 가지고 어떤 방식을 최 하는지 
38	문자	무자	1	 사업을 이끌거나 가정에이거나 할 때에 바꿀 문자에 대해서는 짚고 넘어가는 것도 괜찮다라 볼 수
38	무시	무신	1	가치를 알아두지 않아요. 내 사람을 [음악] 무시하고 박대해요. 그런데 내가 어떻게 온화한 사람일
37	화계사	화개살	2	단 사주팔자에서는 덕후 기질은 기본적으로 좀 화계사를 보긴 하거든요. 나만의 취향, 나만의 감도 
37	토지	태지	1	의 하반기에 진토가 강해지 아아 진토는 토는 토지만 습판 토입니다 그리고이 진토가 지나가고 사화
37	응축	을축	1	어떤 특수 기술 정말 스페셜한 그런 걸로 딱 응축이 되고 그걸로 인해서 여러분이 어 사람들에게 
37	월엔	월운	1	음악] 없었던 돼지띠, 토끼띠, 양띠들아. 7월엔 드디어 새띠에게 화개살이 들어온데 화개살은 
37	세울	세운	1	의 가치를 또 정의하고 다시 발견할 수 있고 세울 수도 있는 이벤트도 있기 때문에 너무 남들이
36	호수	해수	1	특히 임진이라는 글자는 다이노마이트를 잔잔한 호수에 떨어뜨려서 폭발하게 일부 짓던 느낌이에요. 
35	평관	편관	1	서도 냉철하게 관리하는 기운이 있단 말이죠. 평관이 있잖아요. 지은 씨를 보면서 아 내가 생각했
35	조성	재성	1	담을 듣게 된다고 합니다 돌아가신 부모님이나 조성이 눈물을 흘리는 꿈 집안에 좋지 못한 불상사나
35	입주	일주	1	  내가 환년의 출연자라면 내 사주 입주는 사주 명식의이 부분을 보면 돼. 사주 명식을
35	일목	을목	1	 대박 나는 사주. 바로 사주 일간이 신금, 일목, 정화인 사주야. 내 사주 일간을 쉽게 확인
35	신급	신금	1	 어떻게 대박나는지 자세히 알려 줄게. 먼저 신급은 [음악] 추진하는 일에서 큰 성과를 얻을 수
35	무호	무오	1	 무어요. 너무 힘들어요. 언제 끝나죠? 어 무호 힘들구나. 무호 힘들죠. 당연히. 근데 무호
35	명리가	명리학	2	되게 중요한 거 같아요. 어 되게 많은 사주 명리가들이 보면 이렇게 사회에서 동 떨어져 살아서 그런
35	경심	경신	1	겠습니다. 자, 이렇게 우리 가을 병정 무기 경심 인계까지 다 알아봤는데요. 어, 여러분을 늘
34	편임	편인	1	고 평생 먹고살 수 있다 볼 수도 있어요 짜 편임 과정에 대해서 조금 더 자세한 설명을 제가 
34	지나간	지장간	2	 볼 수 있으니까 어떻게 보면은 또 이미 좀 지나간 것들이 많다라 볼 수도 있겠죠. 그래서 어떤
34	주자	무자	1	5년에 병이라는 글자에서 5라는 글자로 메인 주자가 바뀌는 이때에 조금 더 큰 변화책감을 느낄 
34	상하	상사	1	 얘기를 하다 보니까 제가 약간 지금 기분이 상하는 거 같은데 그 자리에서 너 기분 상했어? 이
34	배우다	배우자	1	만나는 사람들 뿐만 아니라 내 가족들의 인해 배우다 남편 암에 자식 나의 부모님 다 쓸 수 있는
34	가신	기신	1	 되게 하고 싶어요이 그래서이 식상을 월지로 가신 분들은 자기 행동에 만족을 못 하는 경우가 
33	편자	편재	1	큰 불을 이루겠다 하시는 분들을 사 개발자의 편자가 발달한 사람이라 볼 수도 있고요 그게 아니라
33	월인	월운	1	형은 지금 긴급할 거 같아. 근데 그게 한 9월인 거 같아. 그런가요? 하고 해서 이제씩 웃었
33	신앙	신강	1	 중요할 것 같고요 평소에 명상이나 종교적인 신앙을 갖고 수장을 하는 것이 도움이 되겠습니다 수
33	술투	술토	1	금 더 잘 쓸 수 있겠다 볼 수 있고 진투와 술투는 화계의 그룹에 보니까 다른 사주에 비교해서 
33	동요	동료	1	되면 뭐냐? 기본적으로 마음의 변화, 내적인 동요가 크다라 볼 수도 있는 거예요. 근데 이분 같
33	대원	대운	1	간 수행자의 삶을 살더라고요. 네 >> 편인 대원을 그렇게 써 먹더라고요. >> 저는 선명도사님
33	관해	관대	1	습니다. 여성의 사주팔자를 봤을 때 남편이이 관해 당하기도 하고요. 남성의 사주팔자에서는 자녀
32	회수	해수	1	 수입원이 생기거나 그동안 묶여 있던 주자금 회수 같은 이슈가 있을 수 있고 부동산 매매나 임
32	정류	정유	1	유월 운세 말씀드리려고 하는데 정화 입장에서 정류는 굉장히 영양분이 많은 뭔가 [음악] 기대할게
32	월만	월간	1	  7월만 버텨내면 대박 나는 띠. 원숭이띠 쥐띠 용띠
32	약합	육합	1	 분들은 본인이 알고들 계실 텐데 사실 몸이 약합니다. 몸이 약하다는게 뭐에 비해 약하다? 내 계
32	쉬지	시지	1	 그래서 그 방법이 뭐냐면 뛰는 것도 좋지만 쉬지 않고 경사 15도에 속도 6에서 6.5로 5
32	삼압	삼합	1	 있으니까 한번 보고 와. 첫 번째 해묘 및 삼압. 함께 모이면 안정적으로 차근차근 일을 발전
32	다운	대운	1	 내가 활성화된다. 감정적으로는 살짝 업 핸 다운이 많은데 이게 업이 많다기보다는 다운이 조금 
31	편해	편재	1	한 거고 여긴 명약 채널이니까 아 좀 얘기가 편해서 너무 좋네요. >> 편하게 얘기할 수 있어 
31	자살	지살	1	르는 거 비추. 차라리 들어오는 수익은 안전 자살이 묶어 두는 거는 나쁘지 않다. 그다음에 독자
31	을류	을유	1	게 확인할 수 있으니까 한번 보고 와. 3위 을류. 내가 맞다고 생각하면 상대가 아니라고 해도
31	시신	기신	1	까 본 글자랑 다른 글자가 되어 있죠. 비견 시신이라 적혀 있습니다. 그러면 도루님 비견 겁재부터
31	상권	상관	1	닙니다 우리를 자기 정보 메뉴 야 되는데 7 상권이 발달한 사람들은 그런 과정이 조금 생각되는 
31	병준	병진	1	 부피감이 커서 무토라는 글자가 양옆에 있는 병준 사주팔자나 무토가 운으로 들어오는 시기에는 
31	병우	병오	1	씀을 드렸습니다. 2026년을 뜻하는 글자는 병우라고 해서 붉은 말을 뜻하는데 전 세계 모든 사람
31	명리라	명리학	2	점에서 명리를 소비하기에는이 사주팔자 그리고 명리라는 학문이 굉장히 깊다라는 생각을 하고요. 거기
31	값자	갑자	1	는 제가 홍년 멤버십에서 말씀드리고 있는 60값자 1주에 대해서 말씀드릴 건데 더 자세히 아시
30	천만	천간	1	  왕사남 박지훈 사주 단종의 환생 천만 영화 왕가 사는 남자에서 단종으로 여련을 펼
30	진사	신사	1	 있잖아요. 가을 병정 무의 경신인계 자축묘 진사의 신유술례 12 가지가 있는데 이거를 단어로 
30	점사	정사	1	될 거야 연락해. 그래서 제가 되게 단호하게 점사를 보는 거 같아요. >> 음. M. 
30	모금	토금	1	아 있거든요 재성이 좀 과학의 발달 하신분들 모금 재상이 아예 사주팔자 없는 분들을 대상 이라
30	기인	기신	1	 승진이나 업무제안이 들어올 수 있고 도와줄 기인까지 따라온다고 하니 하고 싶은 일 있다면 연초의
29	후자	무자	1	좀 달려왔다라고 하시는 분들이 전자를 한다면 후자 같은 경우에는 이게 진짜로 내가 뭔가를 해 
29	추진	무진	1	하는데 이선이 진해지면 무언가를 열정 적으로 추진하고 있거나 곧 성취감과 보람을 느낄 수 있다고 
29	주관	무관	1	다고 해. 도우는 늘 따뜻함을 쫓는 사주야. 주관이 뚜렷하고 의욕도 있지만 표현은 조금 서투 편
29	신나	신사	1	하게요 네네네 음악이 너무 쩌렁쩌렁하고 너무 신나서 안에서 춤추고 있었어요 약간 마음속에 약간 
29	신규	신유	1	떤 사업적 투자 같은 것들 있죠. 예를 들어 신규 투자라든가 인력 채용 또는 매장 설비 확장 
29	벌지	절지	1	히 돈을 벌 때 선넘치 않고 불법적으로 돈을 벌지 않는 것이 중요하다. 내 양심과 내 본질, 
29	기세	기사	1	은 내 밖에 외부 상황 그리고 타인들도 같이 기세가 올라가는 부분이 있단 말이에요. 해서 1월 
29	갑옷	갑오	1	 아니면 이렇게 정의의 사도 같은 그런 분들 갑옷도 가야죠. 경자도 가야죠. 경호도 갑니다. 마
28	정확	정화	1	  사주 오행으로 보는 성격 팩폭 정확 주의 사주를 볼 때 가장 기초적이고 중요한게
28	절제	절지	1	깐만. 딱 한 가지 주의할게 있어. 겸손함과 절제를 유지하지 못하면 상승운이 뚝 끊길 수 있다고
28	일치	일지	1	해 봐. 첫 번째 식물 키우기. 아니면 아침 일치 등산이나 가로수기를 사화는 것도 좋아. 두 
28	일기	일지	1	 있고요. 두 번째 같은 경우에는 업무할 때 일기를 썼으면 좋겠어요. 뭐 일기가 아니가 월기가 
28	수익화	수극화	2	음악] 결실 상대적으로 두 번째 전문 지식의 수익화 괜찮고요. 세 번째 연봉 협상을 좀 고려해서
28	상가	상사	1	분산되는데 뭔가 하긴 하는데 뭐 하나 뚜렷한 상가가 없는 그렇게 발현될 수 있잖아요. 이 이 영
28	배우지	배우자	1	서 여러분들 연기는 누구나 할 수 있죠. 꼭 배우지 않더라도 내가 친구들끼리 사이에서도 아 막 
28	무제	무재	1	 무관 사주인 경우고요 남자라면 재성이 없는 무제 사주인 경우에 이런 얘기를들을 수 있습니다 
28	모인	무인	1	이라는 것의 경계가 [음악] 되게 뚜렷해요. 모인이 내 거와 내 거 아닌 거의 경계가 굉장히 뚜
28	가사	계사	1	 월등이 좋아. 아이유처럼 [음악] 감성적인 가사를 쓰거나 이동진처럼 멋진 문장을 만들어 낼 수
27	지수	자수	1	일을 입력한 후 결과 화면에 있는 신강 신약 지수로 확인하면 끅 그래프 오른 쪽에 가까울수록 기
27	정교	정묘	1	. 데이를 원하거든요. 만인의 호가명이에요. 정교 학생 느낌. 멋있다. 학생회자 OPPA가 예
27	저화	정화	1	것 또한 계수의 계략이야. 공동 5위. 을목 저화. 을목은 야무지지만 비가 얇고 정화는 자기가
27	인맥	인목	1	의 씨를 뿌리고 다니는 분들이기 때문에 이게 인맥이 넓은 분들도 많고 자기 재주나 또 흥미가 뚜
27	수운	세운	1	 화운이 강하고 토운이 강하고 금운이 강하고 수운이 강한 시기에는 각각 해당하는 사업을 해 보는
27	배우려	배우자	2	분들 나이가 들어도 끊임없이 공부하려고 하고 배우려고 하시는 분들 또한 본인 하는 분야에 있어서 
26	편은	편인	1	 거. >> 최강록 씨가 사실 엄변이 화려한 편은 아니잖아요. [음악] >> 엄변을 [웃음] 
26	편과	편관	1	 이어서 같이 말씀을 드릴 겁니다 그다음에 1편과 2편이 좀 이어지는데 2편 전반부에서는 사주
26	주수	자수	1	 제가 드디어 상반기부터 준비했던 사주 자미 주수 서비스를 오픈하려고 하는데 이용하시고 싶으신
26	정수	정사	1	 거, 추상적인 개념, 철학적 사고, 기운, 정수 뭐 이런 유의 생각을 되게 많이 하는 편입니
26	자우	자수	1	경우에도 중앙 해 자 오 묘 같죠 네 그래서 자우 가 굉장히 이펙트 했다는 걸 말씀드리고 여러
26	부도	부모	1	현금을 보유하고 있는 것이 중요한데요. 흑자 부도가 날 수도 있는 부분이 있어요. 그래서 특히나
26	기재	기해	1	거야. 깜짝 놀란 거야. 내가 약간 고정적인 기재를 갖고 있어서 변화가 많거나 변화를 강제적으로
26	기상	기사	1	요. 그 제가 그때 오프라인을 준비했었어요. 기상도 브랜드 준비했던게 사실 오프라인 타겟인데 지
26	개축	계축	1	개미 개축분들 좀 센 부분이 있습니다. 특히 개축과 개미주분들 중에 괴강살 또는 백호대살이 어느
26	가미	계미	1	겠습니다 어 어떤 학문에 있어서 종교적인 게 가미가 되어 버리자 나요 그러면은 입증할 수 없는 
25	정가	정사	1	로 가져가시는 분들이 있다라고 본다면 한강과 정가는 내가 하고 싶은 말 행도 내가 하고 싶은 것
25	매진	무진	1	 나 항상 하기를 좋아하시면 그렇게 쪼끔 히 매진 망상으로 가 신들도 되십니다 아울러서 흘리는
24	파주	사주	1	  파주에 인이 있으면 뭐가 풍채가 좋고 성품이 신령스
24	타주	사주	1	 위처럼 해가지고 저 왔습니다. 웃기긴 해. 타주 팔자를 소비하는 저희 그 구독자분들이 되게 
24	천강	천간	1	 한번 확인해 봐. 공은 사주의 특정 지지가 천강과 짝을 이루지 못해 비어 있는 상태를 말해. 
24	지치	지지	1	은 생명선 남들이랑 똑같이 활동해도 더 쉽게 지치는 편이에요 어린 시절의 건강에 이상이 있었을 
24	정간	정관	1	 준비했을테니까 조금만 기다려 주세요. 자, 정간 분들 모두 파이팅입니다. 다섯 번째로 무톨간
24	장성	장생	1	. >> 야호. 하지만 당신은 근물 [음악] 장성만 믿고 하던 일을 게울리려하면 눈앞에 있는 성
24	오와	오화	1	는 화는 화인데 병이라는 글자는 양을 뜻하고 오와 정이라는 글자는음을 뜻하기 때문에 어떻게 보
24	심사	신사	1	 볼 수도 있고요. 두 번째는 시험, 면접, 심사 이런 데서도 좀 좋은 평가를 받을 수도 있고
24	신충	신축	1	 다만 이 경 금과 자수 그리고 2011년에 신충 년에 신금 가축도 라는게 내 삶의 어떡해 조
24	시운	세운	1	뭐 세운으로 말씀드리는 거긴 한데요. 뭐 어 시운도 그렇고 대운도 그렇게 보실 수 있습니다. 즉
24	버겁	비겁	1	 경신금 일간 여러분에게 올해가 좀 약간 좀 버겁고 힘들고 부담됐다면 조금씩 조금씩 이제 내가 
24	기자	기사	1	 것들을 제공하는 직업, 전널리스트, 기사, 기자, 언론 이런 것도 잘 맞는다라 볼 수도 있어
23	중인	정인	1	 가지고 지금 들 것에 실려 가지고 막 이송 중인 상태예요 이때 구조대가 가면서 영화에서 보시
23	종사	정사	1	요 결혼 상담소를 뭐 경영을 한다든지 주류에 종사 해도 좋을 것 같고요 그런 것이나 다 싫다 
23	종료	동료	1	이제 차도 보고 뭐 견적서도 받았거든요. 다 종료하고 나서 그 사람 얼굴 딱 봤는데 본네트가 반쯤
23	정규	정유	1	 번째로 학당기는데요 그래서 국가에서 인증한 정규 교육과정 언수의 같은 것들 혹은 전문적인 지
23	인술	임술	1	까요. 그러니까 갑인일주로 태어났다. 그래도 인술 반합을 할 거고 만약에 갑오일주로 태어났다.
23	사줄	사주	1	이제이 얘기 똑같이 듣는 거죠 남자가 꼬이는 사줄 막 이런 거 이제 똑같이 들으 거기 때문에 
23	각목	갑목	1	다 라고 하거든요 해당되는 글자를 말씀드리면 각목 병화 에 가는 월 지사와 될 목과 정화는 월
22	해시	해수	1	. 그럼 생시별 특징 바로 알려 줄게. 밤, 해시, 자시, 축시. 행동하기 전에 생각하는 시간
22	치유	기유	1	함께 산다면 꼭 안좋은 영향을 끼친다고 하니 치유 길을 해요 3 안개꽃 다른 꽃과 함께 있는게
22	천가	천간	1	이 경인월, 3월이 10년월인데 2월, 3월 천가는 똑같은 금기운이잖아요. 근데 어때요? 금기운
22	지기	지지	1	자 사주팔자에 태어날 워 레드 에서 좀 달라 지기도 하고요 남자부 표현 않느냐 여자로 태어나는 
22	전해	정해	1	로 여기는 사람들이 많잖아요 그걸 트렌디하게 전해 주시고 계셔서 즐겨 보고 있고 애청하고 댓글
22	연재	편재	1	효시킬 수 있는 부분이 있습니다 그래서 보통 연재 귀인은 좀 약할 수는 있지만 잘 나갈 때 더
22	비거	비겁	1	악하기에 굉장히 유용한 툴이에요 비견 겁재를 비거 시신상관을 식상 편의점들을 재성 평강전관을 
22	기어	기유	1	 미친 사람들이 있어요 그래서 행동력이 교류 기어서 이거를 내꺼 쓰는 결국 실행하지 못하는 분들
21	홍념	홍염	1	세를 더 자세히 알고 싶으신 분들은 [음악] 홍념 멋 참고해 주시면 좋을 것 같아요. 이번 달
21	자지	지지	1	한 [음악] 큐에 보내 버리는 맹혹한 리더의 자지를 갖고 있다고. 어때? 잘 맞는 것 같아? 댓
21	자영	자형	1	소요유 님. 임오일주 경신년 어, 오묘파 5 자영. 잠 진짜 많이 사는데도 피곤해요. 어. 그
21	인모	인목	1	은 내 진도 않은 요 자수 입니다 내일 찌가 인모 5화 술 토의 사람들은 내 진동하는 요 음몽
21	월리	월지	1	로필 링크에서 포스텔러 만세력을 누르고 생렬 월리를 입력해 봐. 그럼 여기서 쉽게 알 수 있어.
21	사미	사지	1	 거 같아요. 축이란 글자는 봐봐요. 임묘진 사미 신유 세자축이 1년 중 가장 마지막 글자잖아
21	비법	비겁	1	 한번 태그 해보세요 각 숫자마다 솔로 탈출 비법도 프로필 링크에 있으니까 무료로 보고 가세요 
21	병전	병진	1	 오술술술진이라고 해서 지금 술토라는 글자가 병전이 되어 있죠. 그럼이 사주팔자의 핵심은 술토라
21	배우게	배우자	2	따라서 자신에게 없는 부분을 보완하는 방법을 배우게 돼요 특히 언제 배우냐 
21	묘진	무진	1	 매력이 있어요 그런데이 묘목은 뭐예요 자인 묘진 이게 2 3 4인데 어떻게 보면 목의 완성이
21	극수	금수	1	 경우는 저희가 스토 라오 러 줘 그런데 토 극수 를 하면서 마무리를 해야 되는데 이게 스토 
20	홍염사	홍염살	1	고 고운 매력으로 이성을 이혹한다는 뜻이야. 홍염사를 가진 사람들은 묘하게 끌리는 외모를 지녔다고
20	햇살	해살	1	에 대한 것만 안 건드리면 아까 똑같은 진짜 햇살 캐스탈이다. 저장도 자동으로 되고 >> 그래
20	해지	태지	1	러니까 몇 해 전부터 그 년에 내가 어떤 걸 해지 미리 준비한 사람은 그걸 꼭 이루더라고요. 
20	팔아	팔자	1	 요러한 현상도 있을 수 있다라는 것도 한번 팔아 주시면 좋고요. 쉽게 말해서 성장하고 있는 
20	차주	사주	1	번 20년이 중요하다라고 말씀드리고 싶고요. 차주 팔자의 토가 많은 분들, 특히 월지나 일지의
20	입지	일지	1	릴 수 있고 대리님은 한국에서의 본인의 명성 입지를 가져갈 수 있다라 볼 수도 있겠죠 물론 궁합
20	일수	일주	1	했다 예 저는 정말 서름 돌았던 별명을 정말 일수로 해야 터진다는 그 정말 소름이었다 이제 시작
20	요금	유금	1	 남들 눈에는 하는만큼만 하네 쟤는 딱 최소 요금만 갖추고 됐네라고 볼 수도 있는 거예요 아 내
20	실상	식상	1	 이름만 들으면 창피한 일만 당할 것 같지만 실상은 무대 위에 올라 자신의 진가를 증명할 운명입
20	신주	시주	1	리카노 먹을게요. 감사합니다. 우리 미용 님 신주 직장생활 조지군 부탁드려요. 새로운 이제 챕
20	대문	대운	1	을 때는요. 어떤 할아버지가 무슨 커다란 기 대문 앞에서 성향을 막 요래요래 하고 있는 거예요
20	기후	기해	1	현상이 바로 몰입이라고 해요. 특히 오행 못 기후는 내 사주팔자에 이미 있는 다른 오행들과의 시
20	기기	기미	1	확인해 주시면 좋을 것 같습니다. 두 번째는 기기 병존입니다. 기기 병존은요 국내 영마라고 볼
20	근성	관성	1	용도 겸비해 보세요 3 발달한 금성구 타고난 근성과 체력은 물론 추진력도 갖고 있어서 만인의 우
20	교사	계사	1	도 관련되어 있어요. 특히 상담사, 치료사, 교사 같은 직업에서 능력을 잘 발휘하기도 하고요.
20	과해	계해	1	 싶은 것이 생각보다 여러분들이 너무 급해서 과해서 내가 이성적으로 판단을 못 할 수 있는 부분
20	갑보	갑오	1	지지에 오 미 신이 있는 경우에 성립해 특히 갑보 갑신 밀주가 있다면 훨씬 강력하다고 해 한자
19	화내	화개	1	음이 여린데 자꾸 이상한 사람만 꼬여서 내가 화내는 거야라고 생각하시진 않았나요 그렇다면 프로필
19	이진	임진	1	히 많았어요 혹은 사업하실 분들도 있었습니다 이진 토란이 교육에는 엄청난 기판 4월 이면 부분
19	운수	운세	1	고 생년월일을 입력한 후 결과 화면에 있는대 운수를 확인하면 뜻 자기 나 에 끝자리가 대운 수와
19	외화	오화	1	부하시는 것도 괜찮아요. 그래서 바로 이렇게 외화를 벌어드릴 수 있는 그런 기회를 지금부터 준비
19	영마	역마	1	. 다시 시작해야지 뭐 이러고 가사에도 이제 영마랑 가사가 들어가지고 어 >> 확실히 끼었네. 
19	신화	신해	1	 명예가 크게 실추될 수 있어요 그리스 로마 신화의 이카루스의 날개 아시죠? 그런 느낌인데 저는
19	신수	신사	1	그 외에도 이제 그 역학적인 부분에서도 태어 신수나 김무눈갑이나 뭐 유기나 이런 공부들을 시키시
19	사활	사화	1	 진짜 제대로 지금 준비를 했기 때문에 진짜 사활 걸고 어 지금 또 사화잖아요. 사화 들어온 
19	사우	사주	1	게 뭐냐라고 했을 때는 우리가 증기가 가득한 사우나 안에 들어갔다고 생각을 해 보세요. 내가 어
19	배우러	배우자	2	어요 그러니까 혼자 놔둬도 공부를 하든 춤을 배우러 가든 운동을 하러 가든 뭔가 인생 즐겜러처럼
19	공장	공망	1	꾸역 끌고 갖고 여기 기지에서 뭐 수리시키고 공장 돌리게 하고 막 그러는 역할을 또 맡게 된다
19	값인	갑인	1	 자 그럼 이번에는 값이 늘 한번 보겠습니다 값인 그래서 나무 져 남구 똑같이 큰 금이 도사리
18	현인	편인	1	관성이 나거든요. 맞아요. >> 그러면은 뭐 현인 아니면은 뭐 편관 또는 정인 정관일 텐데 일
18	지상	지살	1	통 확실한 재물, 즉 내가 얻고 싶은 욕망의 지상이 생기는 겁니다. 그게 어떤 사람에겐 돈이 될
18	지사	지살	1	만큼 확실히 번다고 합니다 자세히 알아볼까요 지사는 출장 이사 이민 이직 같이 낯선 환경으로 이
18	조회	조후	1	시고 유효 병전만에 감도 높은 취향과 예술적 조회 또는 그런 콘텐츠들을 많이 소비해 두시면 나
18	일한	일간	1	했던 것에 결과인 성적이 올라가고 성인이라면 일한 것의 결과인 소득과 평판이 크게 좋아집니다 
18	일사	을사	1	  자, 일단 4위는 일사입니다. 어째서냐? 왜 못살 하나 남았냐? 너무 눈
18	원전	원진	1	좌 기감에 불타고 내가 마음에 안 들면 유금 원전에서 바로 이야기 하는 케이스가 있습니다 턱 자체
18	요지	묘지	1	왕지가 또 여러 사람 사이에서 갈팡질팡할 때 요지는 내가 잡은 딱 한 사람만 보고 우직하게 갈 
18	심미	신미	1	따라서 느껴지는게 다르니 우리는 6월을 보낸 심미이 심미를 맞닥뜨리고 있다는 거이 두 가지 잊지
18	수록	수목	1	수도 있는 가능성이 있는데요 24년이 지나갈 수록 내가 다른 사람과 어울리는 일에 있어 마음을
18	수관	무관	1	까 이런 생각은 안 했으면 좋겠습니다. 우리 수관도 파이팅. 자, 이렇게 모카토음수까지 이렇게 
18	목생활	목생화	1	무 많으세요. 그런게 절대 아닙니다. 물론이 목생활을 요런 식으로 접근하는 거를 제일 나쁘다고 할
18	멀지	절지	1	으니까 기회를 이제 보시면 좋을 것 같고요. 멀지나 일지의 진도 또는 축토가 있는 분들 같은 경
18	루토	무토	1	 좀 부동산적으로 이슈가 발생할 수 있어요. 루토와 기토 일간 분들에게는이 화의 기운이 인성이라
18	기라	기사	1	와 추라는 형태가 없는 에너지가 합쳐져서 뭐 기라는 생명을 창조한 거예요 그 정의 합이 있다는 
18	경은	경인	1	2020년이 경신년이라고 한다면이 위에 글자 경은 2030년에 오기도 하고요. 이 밑에 글자는
18	경수	경술	1	 드니까 너무 걱정하지 않으셨으면 좋겠어요. 경수 1주 파이팅이고요. 더 자세하게 보는 9월 
18	같진	갑진	1	 좀 많이 봐줬거든 근데 뭐 굳이 피하는 것 같진 않더라고 봐줘도 들이박아 그냥 봐줘도 그래 
17	통관	통근	1	  통관 용신으로 목화를 가지신 분들 있잖아요 요분은
17	키토	기토	1	분들 태극기는 있다 볼 수 있고요 무토 혹은 키토에 간 분들 같은 경우에는지 진술충미 중에 하나
17	친해	신해	1	 물어보면 어 나 미터하고 친해다 그 양하고 친해요. 이렇게 말하는 사람 많아요. 근데 정작 본
17	지장가	지장간	1	, 을목, 기토죠. 간단히이 미토의 지장간은 지장가는 내부 에너지라고 보면 좋을 것 같아요. 내부
17	정우	정유	1	고. [음악] 대표적인 연예인으로는 NCT의 정우를 들 수 있어. 특히 정인는 상대방의 보호본능
17	정아	정사	1	의 입장으로 봤을 때 나의 기간이 병화 혹은 정아 이 두가지 중에 하나일 때 타투 의도와 세력
17	재상	재성	1	 성읍에서 여러분들께 제안하고 싶은 것은 이 재상의 들어오는 시기에는 여러분들이 스스로가 내 자
17	일해	을해	1	 창의적인 기업 같은데 있잖아요. 그런 데서 일해 보시는게 좋을 거 같아요. 그래서 한 좀 몇
17	이화	오화	1	팔자의 오행화가 가장 강한 시기라고 하셨는데 이화에 맞는 걸 뭘 하면 좋을지 모르겠어요. 도루 
17	이견	비견	1	디렉팅 능력도 크게 한몫 했다는 데에는 다들 이견이 없잖아요? 근데 뉴진스의 사주와 민희진 대표
17	싫지	시지	1	히 감옥 일간들은 경주 사비 같은 것들 쓰긴 싫지만 그래도 써야 하는 조금 아깝게 느낄 수 있는
17	부신	구신	1	 편인 운에서도 특히 면접에서선 조금 유리한 부신을 가져갈 수 있기 때문에 여러분들이 만약에 면
17	배우며	배우자	2	신은 남들에 비해 똑똑하다 특히 선생님 말에 배우며 빠르게 성장할 수 있다 배운 내용들을 자신만
17	배우라	배우자	1	 말씀드려 보겠습니다 자이 사주는 직업적으로 배우라는 일을 한게 너무 잘한 선택이다 말 그대로 사
17	발자	팔자	1	어야지. 이렇게 가는 포션이 맞거든요. 4주 발자로 봤을 때 거기에서 기유일주다 보니까 사실은이
17	무수	무술	1	요. 오사진 영상 잘 보고 있습니다. 무토가 무수를 일주인데요. 어 병오년 인성훈이 오는데 어 
17	묘신	무신	1	 다 사주의 원진 기문살이 있어요. 재미시는 묘신 원진 기문이 있으시고 제노시는 진의 원진 기
17	머신	무신	1	소에 착한 사람이라도 내가 살아가면서 누구나 머신 위딘 오기 마련이죠 이를테면 내가 정말 누군
17	대안	대운	1	 가지 말씀드리면 일단 첫 번째 비판할 때는 대안과 논거와 근거를 제시해서 감정이 좀 상해서 할
17	경로	경오	1	있으면 어려운 일이 생겼을 때 예상하지 못한 경로로 큰 돈이 들어와서 기사할 수 있다고. >> 
16	투지	태지	1	니다 저도 역시 그랬구요 그런데 저를 그렇게 투지를 못했어요 세상이에요 물론 제가 잘못한 것도 
16	축소	축토	1	만 할 거 같아서 그런 약간 어려움이 있는게 축소를 가지신 분들의 특징인 거 같아요 그런데 어 
16	진투	진토	1	 일주가 다 매력이 있는데 은류 병술 개취는 진투 오늘은 보편적인 매력을 한번 뽑아보자 하면은
16	줄지	절지	1	온다는데 한번 알아볼까요 천살은 하늘이 상을 줄지 벌을 줄지 지켜보는 기운이라고 합니다 이때 
16	정책	정축	1	도와주거나 하기 싫은 설거지를 대신해 주는게 정책의 사랑이지. 일을 하면서 얻는 만족감도 크기 
16	정권	정관	1	미 두수로 과연 어떤 사람인지 그리고 이후에 정권을 잡으면 어떤 흐름으로 펼쳐질지에 대해서 한번
16	자석	자식	1	둘은 [음악] 반대이지만 끌리는과 S극이지. 자석처럼 그린다. 이분들께서 저 제가 봤을 때는 연인
16	일리	일지	1	 이렇게 보시는 분들도 계십니다네 어느 정도 일리는 있으나 그 나쁜 의미의 가려져 있는 관성에 
16	음수	금수	1	구 귀인이 따르는 달리라 볼 수도 있습니다. 음수 일간 분들 중에는 약간 그 사람이 그 사람이
16	연세	운세	1	기대하라고 >> 다를 프로필 링크의 특별하신 연세를 무료로 볼 수 있는 링크를 걸어뒀으니까 한번
16	양일	양인	1	아요. 그런데 정유월이 되면은이 관성과 겁재 양일 살이 서로 마주보고 있기 때문에 아무래도음 
16	신신	식신	1	야. >> 용신이 뭔데? >> 용신은 쓸 용 신신을 써서 내가 사용하는 신이라는 뜻이야. [음악
16	배운다	배우자	2	하세요, 혹시? 그분? >> 제가 >> 사주 배운다는 것까지는 그 친구가 이제 알거든요. 헤어지고
16	무투	무토	1	서도 답답함을 느끼고 그러면서도 이렇게 고급 무투 하시면 좀 어려운 분들이 있을 어려운 점들이
16	무어	무오	1	다 하고 내 거 진짜 그때 봤던 질문이 너무 무어 연봉 얼마 버냐 뭐 차 운전할 줄 아냐 물래
16	마신	무신	1	를 좋아한다 뭐 이렇게 뭐 술 좋아하고 누구 마신 거 좋아하고 한양 가기 있다 그래서 예술적인
16	노화	도화	1	 이유가 미장 자체가 밤에 열리잖아요. >> 노화 때문에 안 하고 있어요. 요새는 그냥 편하게
16	공상	공망	1	 분들은 생각이 너무 많아서 현실과 동떨어진 공상에 빠지거나 불안감 때문에 아무것도 실행하지 못
16	경화	병화	1	니다. 근데 조금 더 나가야 돼요. 뭐냐하면 경화 정화 일간들 중에는 용돈을 받는 사람도 있을
15	지날	지살	1	들 오행에 치우 치신 분들은 삶에서이 부분을 지날 때마다 너무 힘이 들고 좌절하고 되던 일이 
15	조우	조후	1	를 시작해 짜 나요 그렇기 때문에 이제 지지 조우 도 역시 알아야 되겠구나 10% 치지 에 온
15	정비	정미	1	생조라고 했을 때는 제가 말했던 어떤 시스템 정비 정리 이런 것들이잖아요. 이런 것들을 6월 
15	우세	운세	1	지 확인해 보시면 좋을 것 같고요. 두 번째 우세 문장은 좋은 사람, 나쁜 사람, 사를 활용하
15	안목	인목	1	이게 좋은 기회일까를 좀 잘 알아볼 수 있는 안목이 좀 필요하다 볼 수도 있고요. 잘 모르겠으면
15	십상	식상	1	 4 5 6이 세 달 동안 여러분들 번 오기 십상입니다. 제가 말씀드렸죠. 임수일가는 무언가 뾰족한
15	신상	신강	1	자에 목이 어떤 십성에 해당하는지 비용 겁재 신상은 편의점 중에서 어디에 하는지 보시고 거기에 
15	수족	수목	1	 그 아 그리고 이제 식상 슥 쌍은 언변 에 수족 수족을 우리는 거니까 이 정말 포괄적인 의미
15	소화할	도화살	2	중에서는 가장 넓은 스펙트럼으로 해외 언어를 소화할 수 있다라 볼 수도 있습니다. 또 그만큼 잡
15	사출팔자	사주팔자	2	아요. 그죠? 그래서 요것들을 제가 지금까지 사출팔자를 공부해 오면서 그리고 자유수를 본부해 오면서
15	병호	병오	1	볼 수도 있고요. 사실 1 리딩은 제가 일사 병호부터 미리 계속 말씀을 드렸어요. 갑목인가 분들 
15	병에	병오	1	힘을 실어줄 사람을 만나게 된다고 해요이 큰 병에 걸려서 수술을 받다가 죽는 꿈 큰일이 성사됨
15	매운	대운	1	래서 요즘 특히 기토간 분들 중에 사람을 좀 매운 눈으로 보시는 분들이 계실 거고 또는 아 저
15	디토	기토	1	단부터 말씀을 드릴게요 천간은 요 모두 하고 디토 는요 따뜻합니다 즉 이 얘기는 요 어 내가 
15	동화	도화	1	문제가 된다는 거예요. 음향의 도화가 깨져서 동화 중에 세상도 그대로 둬서. 근데 요즘은 뭐 
15	길지	일지	1	거는 이별하고 나서 내가 혼자 보내는 시간이 길지 않는다는 의미도 있으니까 한 번 참고해 주시
15	길신	기신	1	운성의 장생고 재방도 좋은 것이거든요 운성은 길신 아고 흉신 나누는데 장생고 제왕은 길신 분류
15	기로	기토	1	 자 두 번째로는 7시 상관이란 옷을 좀 음 기로 대회 보면 보통 3 표현 한다는 측면에서는 
15	구해	계해	1	질꼬질하지만 제가 좋아하고요. 지금은 잘 못 구해요. 그리고 얘는 저 사쿠야 좋아해서 택도 안 
15	교수	계수	1	살이 있는 사주입니다 대표적인 인물로 이국종 교수가 있는데요 한번 살펴볼까요 먼저 프로필 링크를
14	천사	천살	1	이 하는 건데? >> 너무 속상이 하지 마. 천사 [음악] 때는 재난과 더불어 직감과 예지력도
14	조지	지지	1	석은 어떻게 하게 된 하면요 여기가 부모 궁 조지 꿍 이잖아요 그 조직과 그리고 부모와 원진관
14	정애	정재	1	 아하는 부분이 있을 거예요. 이 이 11월 정애는 10월 병술월에서부터 왔어요. 한마디로 병화
14	절이	절지	1	강 잘 챙기시기 바라고요 여담인데이 노래에 2절이 있어요 여러분 그래서 이게 맛도 좋은 뱀인 
14	전관	정관	1	보세요이 밑에 칸에 비견 겁재 피신상과 편관 전관 중에서 하나라도 해당하시는 분들 혹은 두 개
14	적지	절지	1	음악] 일을 신중하게 진행해서 실패하는 일이 적지만 하던 대로만 하는 걸 좋아해서 생각만 하고 
14	있진	임진	1	고. 누굴 꼬셔볼까? >> 하지만 좋은 점만 있진 않겠지. 도화살은 원치 않은 관심도 이끌기 
14	인오	임오	1	 자. 경인이잖아요. 그리고 병오니깐 당연히 인오 술 삼이 일어나서이 배우자 자리가 뭔가 움직
14	을추	을축	1	 오늘 본격적인 내용 들어가기 전에 1월 달 을추 월래 포인트가 될 수 있는 일간 분들 먼저 
14	을모	을목	1	 뭐냐라고 했을 때는 정말 그야말로 공부인데 을모가 되게 이거는 공부라기보다도 진짜 눈 감고 아
14	월가	월간	1	려 주세요. 이렇게 오늘도 뭔가 찍고 나니까 월가 운세처럼 길게 영상을 찍었는데 병오년이 할 
14	양인쌀	양인살	1	 여러분들 산책처럼 사주입니다 이번 시간에는 양인쌀에 대해서 말씀드려보도록 하겠습니다 양인쌀의 개
14	신당	신강	1	요. >> 근데 방송이 끝나고 시청자분들이나 신당에 오시는 분들 전부 다 어 만신님이라고 부르시
14	신근	신금	1	같습니다. 세 번째 병조는 신금 병존입니다. 신근 병존은 날카로운 판단력과 세밀한 분석 능력이
14	시상	식상	1	반드시이를 수 있다라고 또 있겠죠 두 번째로 시상 1위 편재격이라는 말이 있습니다 요건 말이 
14	순금	신금	1	요 그러면 신검도 그렇습니까 신경은 아닙니다 순금은 아니에요 신금은 응가 아니고 약하기 때문에 
14	병어	병오	1	 안 맞는 느낌이 있는데 26년 9월 하면은 병어 중에서 오화라는 글자가 조금 더 득세하거든요
14	병수	병술	1	활간 중에서 당연히 술자리가 여기 있는 분들 병수를 주겠죠. 이성과의 어떤 좋은 일이 있을 것 
14	무라	무자	1	부분이 있고 10월이 또 특히나 무술월인데이 무라는 글자가 계수에 시야를 좀 흐르게 하는게 있어
14	기차	기사	1	해진다. 이럴 때는 어 캐리어 같은 거 끌고 기차 타고 어디 여행 가도 너무 좋지 않을까? 이
14	계모	계미	1	 봤을 때 어머니가 어머니로서 역할을 못하는 계모 같은 역할이라고 옛날에 좀 자극적으로 말한 
14	경사	경자	1	격하거나 기다리던 승진을 할 수 있대. >> 경사 났네. 경사 났어. 하지만 당신은 근물 [음
14	검수	금수	1	 대체로 그렇습니다 명리의 교우로 이야기하면 검수 상관격에 해당이 되겠는데요 상관을 좀 강조하
13	화투	화토	1	가치는 불변이 있잖아요 그래서이 부동산 하면 화투는 정말 입 아픈 거 같아요 대표적인 사주를 봐
13	화고	화토	1	거에서 유리하다 말씀드리고 싶네요. 그다음은 화고 물 없는 갑진 이지군 타이밍이 비슷 어 부탁
13	헌신	한신	1	 죽지 않음. 병화 사랑을 위해 죽음. 정화 헌신을 위해 죽음. 무토 고집을 위해 죽음. 기토 
13	투관	무관	1	으로 어 하늘로 나왔어요. 이걸 어려운 말로 투관, 투출, 통근 뭐 이렇게 말을 표현을 하는데
13	쪼금	토금	1	나 이걸 한번 체크해 주시면 좋습니다 이렇게 쪼금 극단적인 케이스 1 수 있는데 제 주변에 편
13	중재	정재	1	한 결이 꼬창 부분들이 많았어요 관상에 대한 중재 면이 있는데 p 들어오세요 
13	정죄	정재	1	을 때 사주팔자에서 돈을 의미하는 것은 현재 정죄 그러면이 연약한 중에서 편지 정렬하는 글자가
13	재선	재성	1	다스릴 줄 알아 볼 수도 있습니다 세 번째로 재선 입니다 사주팔자에 패드 정재가 트롤 보편적으
13	잘생	장생	1	많습니다. 사람들이 인식하는 흔한 예쁨 또는 잘생은 아닐 수 있지만 조금 더 세련됨에 특화된 독
13	입목	인목	1	그 이의 달이죠 자꾸 왜 이러지 무토는 정인 입목도 정재 한마디로 내가 어떻게 하면 이거를 어 
13	일자	일지	1	. 특히 일주 기준으로 보시면 아 나는 어떤 일자를 잘 맞구나 하는게 좀 나오거든요. 그렇게 보
13	을에	을유	1	. >> 아, 그런가요? >> 선비라는게 좀 을에 내가 해야 하는 것들을 열심히 오래 꾸준히 
13	실강	신강	1	이 올라오니까요. 여러분들이 바쁘시거나 또는 실강이 조금 부담스러우신 분들은 녹화번호로 공부하시
13	시시	시지	1	우에는 꼭 반드시 자녀로 찬다는 것이 아니라 시시 상관이 가지고 있는 다른 예술적 재능 그것의
13	수지	시지	1	있대요 1 첫사랑 손금이 손금을 가진 사람은 수지 유진스 민지처럼 청순한 외모를 지닌 만인의 
13	수색목	수생목	1	 뜨겁죠. 이 이 뜨거운 가운데서 나 혼자이 수색목 내가이 새싹에 물을 주기가 버겁잖아요. 근데
13	송사	상사	1	은 여섯 가지 해로움을 의미해 질병이나 법적 송사 혹은 병원 치레를 뜻하는 기운인데 주변 환경
13	상추	상충	1	요 집을 보호해주는 넝쿨 식물도 굿 전갈자리 상추 다육이 별자리 중 가장 강한 자리라 생명력이
13	상자	상사	1	 두면 좋은 기운을 막는다고 해요 특히 택배 상자는 무엇보다 흙의 기운이 충만하다고 하니 바로바
13	사줘	사주	1	안 돼요 내 썸남이 임수일간이다 그러면 “다 사줘 자기야” 이렇게 좀 조심하세요 그런 거는 안
13	비연	비견	1	준 혹시 어떻게 말씀드리나요? 일지나 월지에 비연 겁재가 없다. 있다. >> 일지나 월지 있다
13	미인	무인	1	있는데 유행하는 예쁨이나 뭐 세관에서 말하는 미인 이런 거에 별로 관심이 없어요. 본인들이 내
13	미모	미토	1	많은 사주가 특히 이성이 많이 따른다고 해. 미모와 매력이 타고 나서 평생 이성이 따라다닌다나.
13	물리학	명리학	2	. 뭐 지금 전 세계에 있는 뭐 행융학 또는 물리학, 천문학, 뭐 철학, 예술, 수학이 모든 것
13	묘시	묘지	1	  인시 묘시 진시까지 태어나시면 [음악] 돼. 새벽 아침
13	대인	대운	1	해결할 수 있다고. 덕분의 일처리도 빨라지고 대인 관계도 원만해진다고 하니 나쁜 것만은 아니지
13	기호	기토	1	 행복을 추구하는 글자 다시 말해서 유흥 술 기호 내 취미 생활 여가 생활 이런 거를 의미하기
13	고수	계수	1	  역술가들이 말하는 타고난 연애 고수 사주. 모든 사람의 사주에는 태어난 연도에 
13	겁탈	겁살	1	 째 라는 거 든 요 업체라는 거든요 재성의 겁탈 연상 4 그리고 정재 라는 거든요 우리가 저
13	각인	갑인	1	니 구설수 남들에게 쁜 사람이 주로 강력하게 각인 될 수도 있다라는 겁니다 그래서 환관 전갈이
13	가주	사주	1	 덕을 베푸는 그러한 부분을 제가 이제 같이 가주고 있어서 제가 알고 있기에는 너무 좋은 내용들
12	화재	화개	1	경의 협조로 사업이 확장됨을 의미해요 공장의 화재가 발생하거나 폭발한 꿈 사업이 성과를 내고 더
12	하수	자수	1	이루며 모든 일을 상식적으로 판단해요 유머와 하수는 조금 부족할 수 있으니 사교 능력을 키워보세
12	통건	통근	1	장에서는 정인이 되잖아요. 그러면은이 정인이 통건을 했다라는 거는 아무래도이 정인을 내가 좀 중
12	타지	태지	1	시고 맞는 언어를 좀 말씀드리면 사실 그렇게 타지 않아요. 여러분들이 필요한 니즈를 맞게 공부
12	지형	자형	1	으로 내가 될 것도 조금 멈출 수 있는 중단 지형 같은게 있을 수 있기 때문에 두 개를 좀 챙
12	지죠	지지	1	아니면 나 자신이라고 봐요 여기는 어디겠어요 지죠 흔히들 무의식 아니면 미래 자식 뭐 이런 식
12	지시	지지	1	서도 알려주실 수 있나요 오행의 화는 인의예 지시에서 예에 해당이 되고요 화가 없거나 좀 부족한 
12	정은	정인	1	게 해가지고 나 혼자만의 스스로의 시간 나와 정은의 시간을 좀 가지려고 하는 편이니까 그렇게 한
12	장수	자수	1	동력 실행력 이런게 있어 가지고 약간 마르탄 장수 같은 느낌을 주거든요 그래서 여기 조금 함부
12	잠재	삼재	1	봤을 때 내가 인지하지 못하는 내 사주팔자의 잠재 가능성 다시 말해서 내 인생이 좋게 풀릴 수
12	있자	임자	1	알 수가 있죠 어 이제 제가 조금 어려운 거 있자 전문용어로 써서 더 깊이 분석할 텐데 한 가
12	을주	일주	1	 제가 일단 열심히 기도하고 있겠고요. 혹시 을주 분들 중에서 지금 힘드신 분들이 많다면 어,
12	월말	월살	1	것 같구요 또는 내용을 아시고 그 다음 매일 월말에 발행 해 드리는 도왔지만 보셔도 여러분들은 
12	왕인	양인	1	해서 안 좋은 사고로 여겼지만 요즘은 동물의 왕인 호랑이처럼 남들에 위에서 굴림하는 사주라고 
12	올지	월지	1	좋아하는 사람 이제 고백을 하면 좋은 반응이 올지 궁금해 가지고. >> 어 용기 있는 여성 미
12	약지	양지	1	 없고 아 요령이 없어. 요령 진짜 없어요. 약지 않았다. 예. 
12	신비	신미	1	 결과적으로 연구지 많고 명상이나 뭐 우주, 신비에 대한 탐구를 좋아하는 겁니다. 다 
12	시집	시지	1	 뭐 어떤 거를 덕질할 때 내가 저 사람한테 시집을 가고 싶어. 이렇게 생각하면 이게 관의 마음
12	숙신	식신	1	서 뭐 개수 같은 경우는 로모 수색 목 잊어 숙신 입니다 그럼 이제 이걸 문창 교인이라고 한 
12	새운	대운	1	팔자는 총네 가지 운의 개념이 있죠. 대운, 새운, 월운, 1운. 대운은 10년 동안 나에게 
12	살자	팔자	1	한 편이라서 다들 조용히 좀 살지. 평화롭게 살자. 어우 지겨워. 이러고 이제 절간에 [음악]
12	사비	사지	1	하다는 생각이 들고 특히 감옥 일간들은 경주 사비 같은 것들 쓰긴 싫지만 그래도 써야 하는 조
12	사리	사지	1	있는데 이거는 약간 여러분들이 나해져서 인생 사리를 좀 쉽게 생각할 수 있는 부분이 있거든요. 
12	백로	백호	1	 다 알고 있죠? 진정한 정유월은 9월 7일 백로부터 시작된다는 점. 자,이 9월 7일 백로부터 
12	배워라	배우자	2	(사주 보러 갔을 때) 저보고 제발 부동산을 배워라 그말이 맞는 지 사주에 토가 많다고해서 부동
12	무트	무토	1	 그러니까 제가 이제 드리고 싶은 말씀은 이 무트 와 기토는 아 여기 칠판 살짝 안 보이겠다 
12	무임	무인	1	그만큼 제취와 개그 센스가 있기 때문에 어떤 무임의 사건 환영받는 잼니의 머신이라고. 이링 크리
12	매수	해수	1	지 않습니다. 오히려 4월 달은 내가 실제로 매수 매도 버튼을 띡 누르는 것이 아니라 차라리 
12	만신	한신	1	명 친구분 한번 모셔봤습니다. 바로 26년차 만신 건수지님을 모셨습니다. 반갑습니다. >> 안
12	다지	사지	1	활동해서 성취를 이루는 시기라기보다는 내실을 다지고 마음을 준비하고 몸을 아껴야 하는 시기에 해
12	기의	기유	1	이 합니다 3기 라고 했습니다 자 2008 3기의 균으로 봤을 때 지금 뭐 16세부터 65세까
12	금으로	금여록	2	기는 토기의 에너지를 빼요 그죠 자 수기운을 금으로부터 생을 받아요 그러면 잠이 원진이 있다 한들이
12	공명	공망	1	 추하는법네 가지 말씀드리면 우선 첫 번째는 공명 정대한게 필요한데 인간 관계에서 누구한테 잘
12	고유	계유	1	기운 물어보기. 사주에는 각자 가지고 태어난 고유의 기운이 있어. 이 기운을 해석하면 내가 잘할
12	가목	갑목	1	 본격적으로 들어갔습니다 이런 을사년의 우리 가목 여러분들 2월 달 어떤 일이 일어날지 나는 
12	가녀지동	간여지동	2	그 우리가 이제 간여지동이라는 말을 쓰잖아요 가녀지동 천간하고 지지가 같으면 간여지동이라고 하는데
11	횡제	형제	1	요 사마리아 선생님 영상 보시면 탐재 오히려 횡제 수다 이런 얘기가 있거든요 세가지 횡제 수야
11	화구	화개	1	목을 이루고 요 사옴 요 아이들이 모여서 뽐 화구 것 입니다 그 다음에 신경 술 로 3가지 화
11	편안	편인	1	많은 편이에요. 이게 다수가 보기에 되게 좀 편안하고 친근한 스타일이거든요. 두루두루 친하고 모임
11	진해	신해	1	귀신 인미귀문 노인 귀신 묘신귀문 장군 귀신 진해 귀문 처녀 귀신 사술 귀문 도사 귀신 아 귀
11	정제	정재	1	 좀 어 굳이 이렇게 나를 막 억제하고 나를 정제하고 그러지 않아도 어느 정도 차별화 되는 포인트
11	정산	정사	1	  2026년에 부자되는 별자리. 우리 연말 정산의 골체 아픔은 잠시 있고 내년에 부자들 상상이
11	절미	정미	1	스타 롤라 지롤라타 우리 지롤라타 분석 거주 절미하고 바로 시작할게요 출발 우리 지롤라타 아이 사
11	저축	정축	1	버리고 뭔가 좀 큰 돈을 쓰고 이런 것보다는 저축하고 사항을 관망하고 요런 스탠스로 가져가는 것이
11	잠식	자식	1	 짜증 이런게 있을 수밖에 없는데 이런 거에 잠식이 되면 안 되는게 우리 정화 관입니다 네가 왜
11	연마	역마	1	27년도 지리적으로 [음악] 위시적으로 조금 연마가 열려 있는 부분이 있긴 해요. 그래서 해외랑
11	어화	오화	1	4 그래서 그 중에 한 분이 말씀해 주시기를 어화 는 금을 그 카 면서 피어나게 하니까 사실은
11	심합	삼합	1	계획이 많은데 비하여 비차니즘이 [음악] 좀 심합니다. 그래서 생각만 하다가 끝나거나 혹은 상상만
11	신내	신해	1	아 오케이 사실 상관 깔고 계시잖아요네 그죠 신내 신내일 주시니까 그래서 제가 올해는 하고 싶
11	식장	식상	1	대해서 말씀드려 보고자 합니다. 대단히 핫한 식장 중에 하나죠. 아, 저는 명리 공부 처음 할
11	시조	시주	1	 있다라는 거예요. 언제부터 언제까지 1주와 시조 같은 경우에는 38세 이후를 뜻하는 글자이다
11	수토	술토	1	글자는 건강적으로 해석할 수 있겠죠 그래서이 수토가 나가는 100일세에는 특히나 소화기가 위장 
11	속상	식상	1	대체 언제까지 고생이 하는 건데? >> 너무 속상이 하지 마. 천사 [음악] 때는 재난과 더불어
11	성사	정사	1	 신발을 신어보면 논다고 해요 더불어 계약이 성사 되려다 엎어지거나 열심히 공부한 시험에서 미
11	사형	자형	1	에 도사가 깊고 뭔가 되게 간조 적이고 약가 사형 많고 뭔가 이렇게 승 덩 이 말은 그런 분들
11	사해	사화	1	예요. 근데 요거를 순서로 조금 꼬아서 인신 사해, 자오묘유, 진술축미 이렇게 한번 바꿔 볼 
11	밀주	일주	1	미 신이 있는 경우에 성립해 특히 갑보 갑신 밀주가 있다면 훨씬 강력하다고 해 한자를 보기 어렵
11	물인	무인	1	상황과 편관이 좀 개척점인 느낌이긴 하거든요 물인 것 같은데 기름 같은 매력을 다 가지고 있다
11	명리타	명리학	2	을 올릴까 합니다. 어이 사로잡다와 함께하는 명리타로 방래인데요. 이 사로잡다라는 거는 저하고 이
11	도금	토금	1	 어려워 자대에 금이 되겠죠 그럼 이후 안에 도금이 없고요 여기도 금이 없구요 여기도 금이 없습
11	대지	태지	1	했습니까 이게 양의 절정 이기 때문에 의미의 대지를 준비 시켜야 되기 때문에 그렇다 그랬죠 그렇
11	기우	기유	1	리에이티브한 이를 바탕으로 했을 때 조금 더 기우는 받더라구요 그 좀 달 된다는 것도 있고 전 
11	관다	관대	1	게 약간 더 관의 느낌입니다. 데 또 반대로 관다가 그런 거 잘 안 보기도 너무 관이 성하면 이
11	공방	공망	1	면 예기치 못한 사고로 손실이 생기거나 겁적 공방을 하게 될 수도 있어. >> 부자는 무슨 감옥
11	경에	경오	1	 대상 즉 내가 이루는 목표 꿈이잖아요 6월 경에 내가 책임감을 가지고 내 꿈 목표 삶을 가지
11	경도	경오	1	 있어요 교육에는 인생을 살아가면서 한쪽으로 경도 되어 있는 사람보다는 골고루 있는게 중요한 
11	경고	경오	1	 잡돌리해. >> 하지만 더 무서운 사실은. 경고는 본인이 하는게 잡돌이라는 걸 모른다는 거야.
11	간인	갑인	1	 너 여기 아파 죽겠는데 여기가 어디지? 왜 간인가? 이렇게 얘기할 때가 있어. >> 구조를 이
10	형체	형제	1	거지. 이 이 토라는 거는 그런 눈에 보이는 형체가 있지 않다라는 겁니다. 때문에이 토일간의 비
10	태기	태지	1	 치환 한 거라 보시면 돼요. 누나가 저한테 태기를 부탁해 가지고 제가 태기를 하면서 봤던 사주
10	정임	정인	1	  사주에 정과임이 붙어 있으면 정임 한 목이라고 해서 합의 성립을 하거든요 근데
10	정시	정사	1	고 싶다. >> 입에 달고 살지만 결국 매일 정시 출근에 10년 근속을 이어가게 태는 운명이지
10	저지	지지	1	거기에 있는 DJ 님. 그리고 거기 있는 뭐 저지 님들. 않다는 체크를 한 말이야. 해봤을 때
10	재송	재성	1	화 갑이 것 이겠죠 그러면은 토가 흑사 금이 재송 우리 과에서 나무가 끝난 이렇게 되는거예요 
10	자사	자수	1	 야금야금 부자되기. 야금야금 지갑 채우기. 자사 모으기 요런 느낌이라서 26년 신년운세 1탄
10	입술	임술	1	고 하니 잘못 걸리면 안 되겠죠 3 주름만은 입술 세로로 된 주름이 입술에 많은 남자는 성욕이
10	일산	일간	1	냥 동네에 가까운 어, 산 같은데 만약에 뭐 일산 지역 사시는 분들 파주에 뭐 심학산 이런데 
10	유합	육합	1	수 없어 우리 이제 앞으로 빵으로 사는 거야 유합을 만나면 서로 자 용을 일으켜서 서로를 바꿔요
10	양인산	양인살	1	타나게 됩니다 그리고 이번 영상에서 음일간의 양인산은 어떤게 있는지도 말씀을 드릴 거예요 근데 은
10	애살	해살	1	하시는 거라든지 되게 디테일하게 그니까 되게 애살 있게 하시겠다는 생각이 드네요, 저는. >>
10	악마	역마	1	  어 말이 가장 매력 있는 악마의 스타성을 가진 사주 아세요? >> 아니요. 
10	수출	투출	1	 시도를 해 보면서 해외 음 한국의이 계장을 수출을 할 겁니다. 해외 예 수출을 무조건 할 거예
10	수인성	무인성	1	 관성이 너무 세다라는 건데 당연한 얘기지만 수인성으로 쓰는게 맞겠고 이때 수기운이 너무 왕하게 되
10	수국화	수극화	1	화랑 이렇게 부딪히죠. 이거 전개충이 아니라 수국화잖아요. 그러면 이분이 어떤 자격, 능력 이걸 바탕
10	사줍	사주	1	그저 크기를 좀 드리겠습니다 4 대단히 추운 사줍니다 4 축 어레 자식의 태어났다고 가정을 해 볼
10	비건	비견	1	  우리 제일 먼저 흔하게 말하는 거 바로 비건 비견 겁재가 많은 사주인데 만세력에서이 비견
10	변신	병신	1	터 사주분석 하이틴 컨셉의 스파이시로 이미지 변신에 성공한 에스파 카리나와 윈터 과연 사주는 어
10	배워가	배우자	2	것은 나의 생각이고요 이것을 통해서 무언가를 배워가는 것도 나의 몫이 예요 바라보는 것은요 천간과
10	배우거	배우자	2	것보다 잘 쓰는게 더 중요해. 새로운 기술을 배우거나 궁금한 분야의 강의를 듣는 것처럼 나를 위한
10	방하	방합	1	고 방합의 대한 무엇을 공부하는 건가네 방금 방하 삼합이라고 하고 업하면서 방이라고 그래서 약
10	바지	사지	1	이다라고 느낄 수 있는 색깔을 입으라고 해서 바지는 좀 찐 초록인데 형광색 신발을 신었지. 아 
10	미소	미토	1	기 의료야. 오직 답진. 때묻지 않은 순수한 미소로 [음악] 첫인상 선택에서 몰를 받을 수 있다
10	때운	대운	1	마다 되게 안 좋은 일이 생겼더라 근데 다음 때운이 임인 대운이가 그렇다고 무조건 안 좋다라고 
10	도하	도화	1	을 보니까 완전 도아사 관상인 거예요. 목에 도하는 묘목이잖아요. 그래서 저는 아 이분이 사주팔
10	관사	관살	1	 귀문 간사를 가졌다고 말하는데요 이 귀 뭐 관사를 가진 사람들은 영적 세계를 이어주는 매개체가
10	관도	관대	1	나타내는 것이 금이 사람이 성향은 뭐겠습니까 관도 있고 인도 또렷하게 있으니까 관 으로 인해서
10	공합	궁합	1	 아닐까? 여러분도 AI 점집에서 나랑 내체 공합을 한번 보시면 재밌을 것 같아요. [음악] 
10	경극	경금	1	 그런데 기진 벤츠는 없잖아요 자 그 다음에 경극 능력 힘 그리고 술도 그러니까 경향 일주와 
10	겁쟁	겁재	1	 되면 요 네 그렇기 때문에 남자분들은 이제 겁쟁이 들어왔을 때 조금 조심하시는 게 좋구요 아 
10	개사	계사	1	외에 개술관들 중에 사주팔자의 개미, 계축, 개사 이런 분들 같은 경우에도 수기운이 부족한 인
10	감자	갑자	1	하는 느낌이기 [음악] 때문에 그래서 무토를 감자라고 부르는 말들이 되게 많거든요. 그래서 그냥 
10	간성	관성	1	내 완 관성 입니다 관 성우는 해파리 많아요 간성 은 보통 가며 치는 기온이라고 가지고 고통은
10	간목	갑목	1	냐면 제 운세 영상 보면은 다른 일간들은 팀 간목, 팀 경금, 뭐 병화 일간 화이팅 임수 막 
9	황제	형제	1	를 잘하면 이제 막 아름답고 좀 잔인한 그런 황제가 되긴 할 텐데 광요상 생존이 좀 낫다. 
9	홍연	홍염	1	 오늘 언급되지 않은 일주분들 같은 경우에는 홍연 멤버십 참고해 주시면 제가 자세히 말씀드렸으
9	해탈	해살	1	 진짜 노답인 거예요. 무술의 이해심은 약간 해탈에 가까워요. 나는 너를 믿는 것이 [음악] 아
9	팔지	팔자	1	있다면 그 일을 일어날 때까지 절대 한 눈은 팔지 않아. 신체적 고통까지 감내해내는 독한 정식
9	팔제	팔자	1	된 말로 외모 정병이라고 얘기를 했는데 화주 팔제 화나 목이나 또는 수가 강하신 분들 같은 경
9	치사	기사	1	가 있는 분들 같은 경우에는 역마살이 아니라 치사를 당한다 볼 수 있어요 근데 여기서 제가 여러
9	지성	재성	1	려우시거나 두려우신 분들 같은 경우에는 집단 지성을 이용하세요. 그 집단 지성이 여러분들에게 1
9	주성	재성	1	마무리 지으려고 하거든요. 자미 주수도 14 주성이라 해 가지고 14 가지 캐릭터가 있는데 모든 
9	정했	정해	1	에 내가 2025년에 나아갈 바를 어느 정도 정했을 거예요. 그래서 3월에 3월에 어느 정도 그
9	정지	정재	1	가깝다라고 볼 수도 있어요 자 그런데 현주와 정지에 대한 오해가 좀 있어요 그래서 현재와 정재 
9	정세	정사	1	기 때문에 저는 이렇게 위기일수록 내가 세계 정세에 밝다면 오히려 기회로 쓸 수 있다 대한민국이
9	정서	정사	1	리고 싶고 이번 달 한 정으로 여러분들이 좀 정서에 안 좋은 거는 좀 안 보시면 좋을 것 같아요
9	전인	정인	1	은 >> 어 저 요즘 너무 힘든데 어떡하죠? 전인 언제 생겨요? 이런 질문은 좋지 않아요. 일
9	재운	대운	1	 편입니다 신금일간 자영업자 말씀드리겠습니다 재운이 좋음으로 창업에 유리한 해로서 재물이 넉넉한
9	잠수	자수	1	요 구속되는 것을 몹시 싫어해서 연락을 끊고 잠수를 타버리는 등 돌발행동을 벌일 수 있으니 주의
9	일비	일지	1	 달은 조금 넓게 가져가는 것이 중요하다. 1일비 하지 않는 투자를 하는 것이 중요하고 두 번
9	이인성	무인성	2	대가 목표를 향해 달려간다 말씀드렸잖아요 왜 이인성 먹은 내가 정말 하고 싶었던 뭐 관심이 있는
9	은세	운세	1	해. 이 색가 아니라면 프로필 링크에서 2월 은세를 무료로 볼 수 있으니까 한번 확인해 봐. Y
9	은사	을사	1	테니까 다른 사람들도 프로필 링크에서별 신념 은사를 볼 수 있으니 한번 확인해 
9	육금	유금	1	는 것도 나쁘지 않을까 하는게 제가 바라보는 육금 도화를 가진 분들에 대한 약간 조언이고 이미
9	온세	운세	1	어떤 운이 들어오냐고? 프로필 링크에서 띠별 온세를 무료로 볼 수 있으니까 한번 확인하고 
9	엔진	원진	1	신 음양이 똑같으니까 보통은 달러 봅니다 어 엔진을 아시겠죠 아 내가 여자요 근데 딸이면 딸도 
9	시피	시지	1	토 라는 것은 동토 입니다 여러분들 하시겠다 시피 이제 겨울도 양이죠 생명을 앗아가는 토해요 
9	시중	시주	1	기둥은 위와 같은 의미를 갖고 있어. 여기서 시중은 개인의 주체성과 행동력이 중요한 현대 시대에
9	술통	술토	1	. 내물건 이건 이거니까 건드리지 마. 그럼 술통 어 그래 건드리지 않는다. 룰 오케이 이렇게
9	술로	술토	1	로 친구다 생각하면서 하는 거지 우리나 나랑 술로 되게 좋아하더라 나보 나랑 술로 나가라 아니
9	수인	무인	1	성이 무엇인지 [음악] 알 수 있어. 재성이 수인 사람들은 돈을 잘 믿지 않아. 돈은 다른 일
9	소금	토금	1	잖아요 긴장이 없는 거야 그래서 서울 이렇게 소금만 있고 돌아다녀도 가슴이 뛰지를 않아 시들해지
9	사자	사주	1	던 일을 속편하게 마무리하고 새출발을 합니다 사자 자리 놀라운 아이디어로 큰 성과를 얻게 돼요
9	부토	무토	1	들이 그다음 스텝을 미리 준비하시면 좋아요. 부토와 기토 일간은 25년부터 27년까지 성장을 하
9	배우셔	배우자	2	팔자 있는 분들이라면 공부를 하시고 남들한테 배우셔서 그 스킬을 내 꼴로 잘 승화시킬 때 쓰신 상
9	미트	미토	1	내 기질도 네. 근데 충미충까지 하게 되고이 미트가 다 식신이잖아요. 그러면은 아무래도 어 내 
9	미로	미토	1	 그래서 축미 충이란 말도 있죠 7월에 오는 미로 인한 충미 충은 엄밀이 말에 충은 아닙니다 
9	명리하	명리학	1	 아니에요. 그냥이 유튜브 채널을 통해서 왜 명리하는 사람들이 다 인생이 행복해 가지고 하는 사람
9	당합	방합	1	의 관점에서이 사주도 금이라는 기운은 관성에 당합니다 그럼 관성이라는 것이 뭐다 내가 회사에서 일
9	노후	조후	1	로 태어난 시간이야. 사주에서 시간은 자녀와 노후를 의미하는 중요한 부분이라고. 단 몇 분 차이
9	기주	시주	1	 즉 동성을 의미하기도 합니다 그러면 외적인 기주 봤으니까 비염 겁재가 어떤걸 의미하는지 한번
9	기에	기유	1	의 사주의 복선 비니 있는지 궁금하시죠 복선 기에는 일간이 감옥에 경우 지지의 인목 있을 때 이
9	기고	기토	1	 사람들이 인간 관계에서 굉장히 칼같고 기면 기고 아니면 아니다. 이런게 굉장히 명확한 분들이
9	괴가	괴강	1	 아세요? >> 네. 기유가 이제 여덟 여덟 괴가 있으면은 두 번째 거에 이제 기유가 있는 거
9	공인	경인	1	 있는데 그게 밖으로 나오지를 못하고 이렇게 공인이 되어 있는 느낌. 그래서이 화살이 잘 발현되
9	경주	경자	1	 중요하다는 생각이 들고 특히 감옥 일간들은 경주 사비 같은 것들 쓰긴 싫지만 그래도 써야 하
9	경근	경금	1	우리 K소루 님이 다시 남겨 주셨는데 어깨가 경근만 하네. 이게 뭐냐면 사축팔자 보다 보면 시천
9	겁지	겁재	1	안 되는 것도 여러 가지 할 수 있는데 비형 겁지 원이 또 돈을 쓰는 거 했잖아요 그래서 돈을
9	갭인	갑인	1	 참고해서 들어보셔도 괜찮습니다 .  첫째, 갭인 데이(Gap-in day) 항목입니다.  갭
9	강인	경인	1	남성을 상징하거든요. 그러다 보니까 조금 더 강인하고 때로는 터프하고 좀 더 묵직한 모습을 보이는
9	갑지	갑진	1	옮길 거 같아요. 그랬을 때 어 8월이 되게 갑지고 의미가 있고 잘 보낼 수 있으니 한번 어 시
9	각오	갑오	1	안을 써서 말 안장 위에 올라탄다는 뜻이야. 각오에 말 안장 위에 올라탈 수 있는 사람은 신분과
9	가해	계해	1	릴 수 있을 것 같아요 자 오늘 영상 재밌게 가해서 감사하구요 저는 도와 버렸습니다 여러 은 모
8	해달	해살	1	2405 v16 1 많은 분들이 파묘 리뷰를 해달라고 하셨어요 00002405 - 00002620
8	편입	편인	1	들께서 얘기하시는 거는 아마 그쯤에서는 한때 편입을 준비하고 있지 않을까 싶네요. >> 음. >
8	편광	편관	1	 거에요 자 그렇기 때문에 딸을 치는 글자인 편광 과 공간 중에서도 흠 간 이란 글자가 정강이
8	차수	자수	1	가 들어가 있어요 결과론적으로 말씀드리면 이 차수 팔자에 토가 많은 사람들은 특징 2 가족과 
8	지제	지지	1	그러니까 좀 반 드렸죠 원래는 첨가 기준으로 지제 어떤 글자가 있냐 를 보는데 얘는 반대로 월
8	지실	지살	1	지 아시는 분들은 향후 몇 년간은 큰 대박을 지실 거고 어느 한 순간에 내가 될 줄 모른다라는
8	지신	기신	1	  이렇게 마주보는 시비 지신들의 직진해 만나는 합입니다 합은 일단 합하는 순
8	종재격	정재격	1	그렇게 나쁠 거 없는데 내가 재성을 따라가는 종재격이 아니다. 아, 그리고 일간이 좀 힘을 받아야
8	정진	정인	1	각이 되게 많았거든요. 사실 >> 거기 운명 정진 49 나가게 된 것도 이제 저는 사실 제 신
8	정신력	정인격	2	있는 사람들이 때를 기다릴 수 있는 인내심과 정신력이 있어요. 그 오히려 존버해서 승리하는 타입은
8	정대	정재	1	 수 있거든요. 그러니까 좀 중립적으로 금명 정대하고 뭐 너도 이해하고 너도 해 이렇게 좀 가는게
8	자서	자수	1	예요. >> 아, 네. 죄송합니다. 돈을 못 자서 방금 커피 먹어서 그런 거. [웃음] 기본적
8	자무	자수	1	 있겠어요 뭐 예시를 한번 들어가봐 드릴께요 자무 1주 라고 가정해 보겠습니다 그리고 경오 월
8	인묘	신묘	1	고 다른 하나는 아 일어나기 싫다. 그래서이 인묘 진시에 태어나신 분들이 생각이 많은데 밤에 
8	이간	일간	1	라 볼 수도 있습니다. 관련해서 제가 준비한 이간은 병화와 정화의 관문들이에요. 제가 작년 11
8	응해	을해	1	중감을 느낄 것이고 어 순히 그 A의 의도에 응해 주겠죠. 그리고 A한테 도움이 될 겁니다. 
8	음해	을해	1	이 정말 많은데 그게 아니란 거죠 그래서 6 음해 태어나신 분들은 이렇게 옆에 있으면 은 내가
8	음인	임인	1	이어도 돼 어 난 그게 좋아 어 그리고 약간 음인 애들은 음을 좀 더 좋아하는 경향성이 있어 
8	음목	을목	1	합쳐져서 꼼수로는 아무도 읽길 사람이 없어. 음목을 적으로 두지 않게 조심해. 어때? 잘 맞는 
8	은유	을유	1	 파탄 매력을 그대로 가지고 있다라고 한다면 은유 금은 좀 약간 성숙한 매력이 있습니다 자수와
8	유음	유금	1	어지는 진토와 예리한 판단력과 통찰력을 가진 유음은 큰일을 도모하기 좋아요 사신합 사화와 신금 
8	영리	명리	1	준이라는게 구체적으로 맞춘다는 건데 그 사실 영리를 잘 보는 사람이라면 가능하겠지만 거기에만 집
8	안성	인성	1	씀드렸죠 제가 방금 말씀드렸던 사주팔자의 그 안성 이라는 것이 이 사실 팔자에 넌 10 10 
8	신음	신금	1	복음은 있니다 복음은 한자로 직역하면 엎드려 신음 한다는 의미인데요 복음을 사주적 푼다면 나의
8	신궁	신강	1	한게 정호 님은 인생에 잠미 두 수에는 이제 신궁이 아는게 있어요 신궁이 뭐냐면은 약간 20대 
8	신검	신금	1	. 임수일간 여러분들 파이팅. 다음은 신금. 신검 신금일간에게 5월 달의 무기는 어떤 나의 꾸
8	식시	식신	1	 쉽게 확인할 수 있으니까 바로 가서 보고. 식시는 한신과 애정을 듯해. 그래서 식상이 없으면 
8	선해	신해	1	> 그래서 이제 저희가 또 산내에서 또 한번 선해서 풀어드린 적은 있죠. >> 음. 음. 그리고
8	상향	상형	1	수 있다라는 것도 포인트가 될 수 있습니다. 상향 연애가 가능하다라 볼 수도 있고요. 대신 이
8	사치	사지	1	까 한번 확인해 봐. 만약 풍염살이 있었다면 사치 하나만큼은 꼭 주의해야 해. 버는 것만큼 모
8	사죠	사주	1	요. 여러분 같이 예뻐지자고요. 이런 얘기를 사죠, 유튜브에서. 자, 그다음 댓글 어떤게 있냐
8	사사	상사	1	지금 모양도 얼추 비슷해요. 묘 끼고 있죠. 사사 끼고 있고 신신 끼고 있죠. >> 되게 비슷
8	묘이	묘지	1	식과 좀 태도가 유연하다라 볼 수도 있고요. 묘이 편인 분들은 정화해 간인데 정묘 일주가 남들
8	묘술	무술	1	 싶습니다 무슨 말씀인지 아시겠죠 세 번째로 묘술 합입니다 묘는 토끼를 의미하고 술은 개를 의
8	목회	목화	1	 굉장해 왔어 바뀌 거든요 그런데 그 관계가 목회 안내 주변 친구 학교 친구 동기 뭐해서 동료
8	명래	명리	1	제가 유명해지고 싶어서도 아니고요 우리 초코 명래 선생님은 더더 군다는 아니시고 그분은 이미 
8	내성	재성	1	 수 있는 이유가 인내심이 좋고 고통에 대한 내성이 굉장히 강해요. 아파도 아프다 소리를 잘 안
8	기이	기유	1	서는 기업체의 임직원이 될 수 있습니다 천열 기이 어떤 자리에 있든지간에 다 회담하는 건가요네
8	기교	기묘	1	요 그래서 식신 아고 상관 중에서 상관이 더 기교가 넘쳐요 그래서 사주에 상관이 있으면서 이제 
8	금술	금수	1	자리에 성생활이 떠나는 것은 그만큼 배우자와 금술이 좋다라고 볼 수도 있고 기본적으로 이성관계나
8	과신	기신	1	같은 경우에는 너무 지나친 자기 확신, 자기 과신 플러스 남들의 눈치나 또는 남들의 기준 이런
8	고해	계해	1	자기방어 두고 될 수밖에 없다 됩니다 인생은 고해 라고 하죠 고통의 바다라고 그러니까 힘들 일
8	겁자	갑자	1	이 들어오기 때문인데요 법살은 한자로 강탈할 겁자를 써서 무언가를 뺏고 뺏기는 분쟁을 의미하는 
8	걸지	절지	1	.  어쩌면 당신은 잘못된 사람들을 좋아했던 걸지도 몰라요.  그런데 당신은 왜 그들을 좋아했나
8	개신	기신	1	니다. 이때는 전반적으로 사주팔자의 금이 두 개신 분들 또는 목이 두 개신 분들 다 나쁘지 않
8	갑수	갑술	1	를 의미하고 요 예를 한번 들어 볼까요 내가 갑수 릿지 인데 멀지 에 이 거 기 었다 그러면은
7	흉살	형살	1	그렇고 천득 기인도 마찬가지지만 사주에 나쁜 흉살이 있을 경우에 흉살을 길로 바꾸는 작용을 합니
7	환급금	화극금	2	 인생이지만 다치지 않게 보호해 주는 거에요 환급금은 하는 와중에서 그러니까 이준을 작업이 들어간
7	지질	지지	1	 좀 9시까지 갑자기 다니니까 첨가는 6가지 지질 가질 수 있죠 쉽고 파괴는 60 할 때는 그
7	정희	정해	1	이제 뭐 개보다 이제 그런 뜻은 아니고요 아 정희는 이제 나한테 맞는 옷이 거는데 편인은 내가 
7	점유	정유	1	밑에 배경 겁재 식신상과 현재 정류장과 편인 점유 여기까지 글자가 있죠 요거 10성이라고 합니
7	장미	정미	1	의 맞춤 행운식물은 무엇일까요 천칭자리 팬지 장미 다채로운 세계 화려한 꽃이 좋아요 집을 보호
7	자평	자형	1	가 뭐 여러가지가 있겠죠 그 유명한 모여 내 자평 뭐 유명한 그 명리학 저들이 많이 있습니다 
7	자명	자형	1	되면 뭐 사주팔자가 뭐가 필요합니까 4 주의 자명 돼서 4 그래서 일 주 론 에 대한 아픈 기
7	임하	임자	1	이 토라는게 사실은 사주팔자로 봤을 때 땅을 임하는 부분도 있거든요. 그래서 이때는 부동산 투자
7	임에	임오	1	 드릴게요 첫번째로 위한 법제 있는가 자신의 임에는 글자 입니다 그래서 나 자신만이 할 수 있는
7	임도	임오	1	뭐 드릴 도원도 사실 별로 없어요 제가 하도 임도 잘생기고 예쁘다 그랬더니 지난 영상에서 어떤
7	인진	임진	1	런 특징 있는 부분이 있다 보니까 특히 올해 인진 사주팔자의 수가 약한 분들 또는 일지의 술토
7	이살	지살	1	 바로 확인할 수 있어. 정말 쉽지? 하지만 이살이 있으면 고집이 세고 자기 주장이 강할 수 있
7	원운	월운	1	 더 나아가서는 신장 신장이 있는데요 이렇게 원운으로 드러난다고 여러분들 뭐 신장 이런 것까지 조
7	용산	용신	1	저는 막 그런 건 줄 알았어요. 예를 들어서 용산을 가운데 치면은 동쪽으로 가라. 성수로 이런 
7	예금	유금	1	교보문고가 가지고 책 진득하게 읽으면서 은행 예금 적금 이런 거 하지 말고 내 평생에 시테크 
7	영신	용신	1	한 성분에 도움을 주는 기운을 의미해요 저는 영신의 목표가 없어요라고 하시는 분들은 프로필 링크
7	영살	형살	1	 상황이라면은 술미형살은 신금이 깨지고 축술 영살은 정화가 깨진다라는 겁니다. 그럼 이것을 통해
7	염자	임자	1	이 있대. 홍염살은 한자로 붉굴, 호, 고일 염자를 써서 아름답고 매력적인 기운을 뜻해 흔히 알
7	실사	신사	1	천축 처럼 사주입니다 아 이번시간은 요 12 실사 일이라고 해서 12실 쌀이 뭔가 는요 여러분
7	실금	신금	1	기가 좀 힘든데 한 겨울 [웃음] 어 수없는 실금 신금일간이라면 아까 제가 말씀드렸던 어떤 호
7	신어	신유	1	럼 대단히 뜨거운 거에요 여기가 많은 거예요 신어 렙 영화다 월 찌를 일어 쓰니까 신령 있으므
7	신시	신미	1	 하는 사람이야. 응. >> 전혀. [음악] 신시 유시 술씨 빡빡하게 사는 걸 즐기는 사람들이
7	신세	신사	1	데요 재물운이 빠져나가고 심하면 가족이 병원 신세를 간다고 하니 조심해야겠죠 2위 악기 손으로 
7	식생	식상	1	면 겉으로 드러나지 않으면 안 되거든요 근데 식생이나 상관은 발산을 의미하니까 식생이나 상관이 있
7	시즈	시주	1	는 질문 이었어요 사주팔자에 목가 화가 많은 시즈 색깔로 봤을 때 최 복 색감 빨간색이 많으신
7	시죠	시주	1	 사람 되세요 현영 아 여러분들의 제인 보기 시죠 으 으 으 [음악] 
7	세훈	세운	1	이 운명이에요 유명인 중 유재석 김태리 엑소 세훈 등이 토의 기운이 많은 사주에 해당한답니다 
7	상항	상형	1	 하시는 것이 어떻게 보면 여러분들에게 갈등 상항에 있어 가지고 중요하다. 특히이 문장은 여러분
7	사죄	사주	1	 많아졌습니다. [콧방귀] 그 전부 다 뭔가 사죄, 사과였어요. [한숨] 왜냐면 나는 새롭게 
7	빼지	태지	1	 말을 하거나 할 때가 있을 거예요. 그때는 빼지 말고 그냥 한번 내가 주어진 일을 잘 해보자
7	병임	병인	1	라는 건가 싶었는데 그게 아니고 천간에 정신 병임이 있더라고요. 그래서 제가 그거 보고 싶어 가
7	병사	병자	1	여러분은 장군들 보면 장군들 보면 이렇게 막 병사들이 따르는 병사들이 많잖아요. 장군 장군들 중에
7	병마	병자	1	에 해로 무 끼기 때문에 헬스에 중인 삽화가 병마와 된다고 볼 수 있고 내 사주의 일찍 아 신 
7	변인	편인	1	서 데로 리신 중에 있어요 숨어 있어요 지금 변인이 편이니 그러면 올해는 임수 하늘까지 떠 쓰니
7	목격토	목극토	1	받을 수밖에 없다 왜 안 그래도 사주 원국에 목격토가 심한데 묘목이 드러나게 되면 나무의 왕이 드
7	명인	경인	1	래서 몇 퍼센트냐면 60% 였어요 거의 120명인 거죠 다들 먹고 살기 힘들다 라는 말이 트루
7	명료	명리	1	떤 어어 외부로 드러내는 나의 모습을 좀 더 명료하고 분명하게 해주는데 7월에이 신금이 글자는이 
7	도해	도화	1	와 있기 때문에 내가 밖에서 뭔가 하는 일을 도해 보시면 좋습니다. 첫 번째 개수관들의 운세 
7	도와달	도화살	2	필요 없는 거 같잖아요. 그러다 보니까 나도 도와달라고 하기가 어려운 거예요. 이 사람이 나한테 도
7	는지	년지	1	징 성격 언제 화가 들어오는지 그때 뭐 해야 는지 등등 자세하게 한번 말씀을 드렸습니다 거의 
7	년치	년지	1	요. 더보기 들어가셔서 캘린더. 그럼 이제 1년치 단력이 나오겠죠. 내가 그 남자분 또는 그 
7	기여	기유	1	거 쉽지 않단 말이에요. 근데 화 간여지동은 기여이 그걸 [음악] 해냅니다. 그리고 그게 틀린 
7	급수	금수	1	재가 부터다 그럼 정재가 임수가 되거든요 토 급수가 되죠 4 4주 안에 겁재가 신금이 다 그럼 
7	고사	계사	1	문서운이 이번 달부터란 말이죠. 그래서 중간 고사든 전문직 시험이든 뭐 공무원 시험이든 앞들고 
7	경리	명리	1	이제 자신의 가정을 꾸리고 요 아 근데 자가 경리가 필요하잖아요 그러니까 저희 집에 와서 지금 
7	갑은	갑인	1	냐? 제가 이모지로 이렇게 표현해 드릴게요. 갑은 큰 나무, 을은 꽃, 화초 정도로 얘기할 수
7	감여지동	간여지동	1	력이 슬슬 드러납니다. 특히 개는 수와 수로 감여지동, 수기운이 엄청 강하죠. 그래서 물밑자고, 
7	가축	계축	1	과 자수 그리고 2011년에 신충 년에 신금 가축도 라는게 내 삶의 어떡해 조금 되는 지는 사람
6	회살	해살	1	이띠, 말띠, 개띠야. 이 셋 띠는 9월에 6회살이 들어와서이 여섯 가지만 주의하면 커리어 하이
6	황토	화토	1	일어나는 걸 말씀드리는 겁니다. 그리고 이제 황토 뭐 진흙 어 뭐 예를 들면은 내가 진흙으로 
6	화초	화토	1	표현해 드릴게요. 갑은 큰 나무, 을은 꽃, 화초 정도로 얘기할 수 있고요. 병은 태양, 정은
6	화인성	무인성	2	는 거죠. 제가 쉽게 말씀드릴게요. 토일간이 화인성이 많다. 그럼 이게 십성적으로는 생각하는 에너
6	화신	희신	1	지 접어서 결국 이리로 올라선다 아주 의지의 화신이에요 자 그런데 약점이랄까 
6	혜수	계수	1	개 개 개 개 개미녀 네모 태어났으며 그리고 혜수 그렇게 있고 그리고 병 소재 이런 사주가 있
6	현관	편관	1	  현관에 두면 귀신을 부르는 물건 1 사이즈가 안 맞
6	학당기인	학당귀인	1	는 경우가 있으니까 방금 말씀드린 문창귀인, 학당기인 그리고 문곡기 있는 분들도 한번 요렇게 사용
6	테지	태지	1	걸 물론 지금도 되게 노력하시고 열심히 하실 테지만 내가 뭔가 이제 내 능력이 어떤 건지 좀 체
6	카주	사주	1	 좋은 시기라 볼 수도 있습니다. 두 번째는 카주 팔 돈이 좀 있으면서 잠이두수 명반에 재배궁
6	치신	기신	1	 수레바퀴를 가지고 사시는 분들 오행에 치우 치신 분들은 삶에서이 부분을 지날 때마다 너무 힘
6	추출	투출	1	 있습니다 세 번째 투간 추출하는 경우 투간 추출 왜냐하면 그냥 여러분들이 직관적으로 봤을 때
6	천상	천살	1	예인 급이 연예인 사주 아닌가요 이분은 이제 천상 연예인이죠 유튜브를 하거나 뭐 연예인을 하거
6	짜지	사지	1	들은 색으로 흐르 실 가능성도 높으신 거세요 짜지만 제가 앞서 말씀드렸다시피 좋고 나쁨은 없다 
6	짓지	지지	1	고 막상 실행력은 부족해서이를 끝까지 마무리 짓지 못하는 경우가 많아. 재물에 대한 욕심도 많
6	진통	진토	1	 경우에는 남성분과는 또 다르게 스스로 내가 진통을 겪으면서 어 출산한 아이이기 때문에 그 아이
6	지주	시주	1	 나 역시 그랬을 것이다 빨리 기대를 끝내고 지주는 해서 직장에 들어가야 하는 것 때문에 사주팔
6	조식	자식	1	 저도 모르게 말씀을 드려 버렸네요 4 근데 조식이 될겁니다 아 본론으로 다시 돌아오겠습니다 예
6	조수	조후	1	시리즈 이름이 자미 이수잖아요. 재밌는 자민 조수 얘기를 하는데 오늘도 사주팔자 얘기를 좀 많
6	정원	정인	1	되면 나무도 있고 물도 있고 바위도 있고 그 정원을 만들어 줄 수 있어요. 그래서 어 나 좀 채
6	자화	사화	1	만약에 여기에 회의 간이 화가 있으면 될까요 자화 갑이 것 이겠죠 그러면은 토가 흑사 금이 재
6	자루	자수	1	이 너무 익숙해지셔 가지고 아 무조건 이렇게 자루 된 것처럼 이렇게 보시거든요. 근데 동양 철
6	자구	자수	1	서 까지 오행의 개념 중에 근무 해당하는 글 자구요 이렇게 있는 진토 라는 글자는 노란색이 줘 
6	일질	일지	1	요. 그래서 저도 오늘 화계사를 보는 기준을 일질의 기준으로 말씀드린다라는 걸 한번 주지해 주시
6	인강	신강	1	반대로 쓰면 여러분들이 시간 날 때마다 뭔가 인강을 듣거나 공부를 하거나 뭔가 들음으로써 내가 
6	의신	희신	1	 될 거예요. 왜냐면은 그 무토리관 입장에서 의신 충는 상관견관이잖아요. 요거는 지난 영상에서
6	을의	을유	1	가 놓이게 되죠 이것은 뭘 알 수 있느냐 탄 을의 부엌 이라고 했잖아요 그러니까 이 부분은 식
6	월관	월간	1	러분들 조금 더 자세한 운세를 아시면 좋은데 월관 운세보다 조금 더 궁금한 내용이 있다. 일주
6	울지	월지	1	칼과 같은 성향을 잘 드러냅니다 박현주 님은 울지 않으셨을 것 같아요 사주가 금도 너무 많고요
6	요목	묘목	1	 알 수 있으니까 한번 확인해 봐. 첫 번째 요목. 요목은 보통 조용히 맡은 일을 하는 온순한
6	오행금	토생금	2	 만약에 직접적으로 오는 걸 막기 위해서라도 오행금이 좀 필요한데 그중에서 좀 예민한 글자인 신금
6	싸우자	배우자	2	뜬금없이 왜 자기 쳐다보냐고 막 그러면서 막 싸우자는 식으로 어 근데 제가 성격이 변화하고 세상을
6	심오	임오	1	 해석할 수도 있고이 경진이라는 글자는 엄청 심오하고 뭔가 시대를 바꾸는 트렌드, 남들이 범접 불
6	신하	신사	1	다고 합니다 본인의 권력을 다 쓰고 백성들과 신하들이 이를 갈았다고 하더라고요 그러면 24년도 을
6	신에	신유	1	요. >> 그렇죠. 이제 그래서 이제 약간의 신에 대한 반항. 아, >> 기도도 잘 안 하고 
6	시구	시주	1	 뛰어 보겠읍니다 음 여자 분이세요 여자분 2시구요 분석을 한 번 해보겠습니다 여자 분이기 때문
6	수진	무진	1	약간 그런게 있는 거죠. 여러분 댓글로 우리 수진 만신 님한테는 어떤 냄새나는지 한번 달아 주
6	소지	시지	1	띄기 때문에 여러분들은 뭔가 문제가 될 만한 소지를 예측하니까 그걸 미리 예방할 수 있고요. 한
6	서주	시주	1	 않을까? 여러분들 이렇게 원하시는 멤버분들 서주 한번 공합 봐 보도록 하세요. 
6	상세	상사	1	대방의 사주도 읽을 수 있다라는 거니까 강의 상세 페이지와 후기는 제가 고정 댓글에 남겨 드릴
6	상간	상관	1	 볼 수 있습니다 보편적으로 사주팔자의 법자 상간이 강하면 이걸 구성적으로 본 케이스가 많았습니
6	사후	사화	1	보이냐면 몸이 진짜 바쁘다기보다는이 사람들은 사후가 뛰어나요 그리고이 바쁨의 영역이 사고에 있습
6	사주팔찌	사주팔자	2	신 분들 혹은 배우자 있으신 분들은 내 가족 사주팔찌도 보는 대로 꼭 활용해 주시면 좋겠다 싶어서 
6	사주파제	사주팔자	2	 손에 넣고 싶은 것들이 있는데 그런 것들이 사주파제 구성에 따라서 조금 들어오는 경우도 있고 아
6	사주파자	사주팔자	1	정해져 있는 거 같아요. 직업분별로. 무속인 사주파자는 특징이 좀 굉장히 명확해요. 화가 엄청 강하
6	사저	사주	1	대사를 긍정적으로 길로 쓴다고 하시더라도 내 사저에서 나르 잡아먹는 일이 되니까 오히려 건강에 쳐
6	비겨	비견	1	자, 그런데 이제 원진이라는 거는 여기서 좀 비겨 나간 거를 이야기하는 거죠. 사화가 술토로 
6	부로	부모	1	 말씀드렸잖아요. 그 열정을 드디어 실질적인 부로 바꿔 주는 글자이기도 해요. 사주에 화학 간
6	복숭화	목생화	2	 열매는 막 있다시만하 뭐 대왕 뭐 뭐야 뭐 복숭화 뭐 예를 들면 상상력을 발휘해서 이렇게 한 
6	병하	병자	1	있어요. 기본적으로. 왜냐면 병오의 입장에서 병하는 사람이잖아요. 그래서 그런 새로운 사람들로 
6	병은	병인	1	 을은 꽃, 화초 정도로 얘기할 수 있고요. 병은 태양, 정은 달, 무은 큰 산, 귀는 밭을 
6	병도	병오	1	에 따뜻한 말솜시로 모두에게 인기 만점이라고 병도 고치고 사람의 마음도 얻을 수 있다니. 정말
6	방지	병지	1	받는 것이 오히려 후에 생길 수 있는 문제를 방지하고 갈 수 있는 좋은 방법이라 볼 수도 있으니까
6	바꾸자	배우자	2	 사회의 불만을 고발하고 거기에 대해서 뭔가 바꾸자, 개혁하자 같은 말들이 있을 거고요. 또 동
6	미미	기미	1	네요. 제가 도로시 님 늘 응원해요. 다음은 미미 님 경금인데 그래서 8월 고생한만큼 열매가 
6	미도	미토	1	잘 정리 개혁 있으면 여러분들의 삶이 굉장히 미도가 있고 또한 수입해 확률보다 성공할 수 있는 
6	뭘지	월지	1	고? 프로필 링크에서 나한테 어울리는 직업은 뭘지 한번 확인해 봐. Yeah. 
6	무도	무오	1	안 찡그리니까 주름이 되게 적어요. 뭐 약간 무도 여기는 있을 수 있습니다. 나머지 주름이 되
6	목해	목화	1	월쯤부터 수기운이 굉장히 많이 들어오고 수생 목해 내가 드러내고 싶어하는이 나무가 굉장히 커지
6	모화	도화	1	화, 5화인데 사실 기본적으로 화일간 분들은 모화 토금스 오행 중에서도 확장하려고 하는 나가려
6	명제	형제	1	런거는 여러분들 명예가 아닙니다 왜냐하면 이 명제에 목적은 요 삶을 개선하고 계획시 키는데 있어
6	도화라	도화살	2	더군다나 자민 조수 같은 경우에는 예를 들어 도화라는 자리가 재배궁이라는 돈 버는 자리에 있는지 
6	도료	동료	1	수가 있어요 도와 아 안녕하세요 여러분 도와 도료입니다 오늘 여러분들께 말씀드릴 내용은 바로 나라 
6	대화할	도화살	2	사람을 상대할 때 공감능력과 표현력이 뛰어나 대화할 때 심심할 틈이 없다고 하는데요 작은 일도 
6	대성	재성	1	영케 님이 있는데요 이분들 느낌으로만 보세요 대성을 깔고 계신 분들은 사실 특별한게 없어요 예쁘
6	대군	대운	1	 장송살이 들어온다고 합니다 장송살은 한자로 대군을 이끄는 장군의 별이라고 해서 번듯한 성공과 
6	끼지	지지	1	 해주고 저는 제가 영상을 찍고 다른 업체를 끼지 않고 올리는 거예요. 근데 만약에 돈을 벌 
6	기터	기토	1	시 아 우리이 뭐 뭐 갑목 먼저 해 주세요. 기터 먼저 해 주세요. 뭐 임수 먼저 해 주세요.
6	기다	기사	1	기도 하고요 좀 깔끔한 구석이 있어요 그래서 기다 아니다가 굉장히 정확하신 분들이 많습니다 그
6	기니	기미	1	뿐만 아니라 해외로 가져갈 수도 있어요 선을 기니 발달한 무탈금 분들은 나를 따르는 사람들이 
6	금세	금수	1	한 감정은 그때는 기뻐하지만 시간이 지나면은 금세 잊어버리고이 부정적인 감정은 가슴속에 모셔두
6	그해	계해	1	결하고 재물을 얻을 수 있습니다. 근데 이게 그해 기분이 좋냐, 행복하냐라고 하면 확률이 되게
6	구합	궁합	1	라 안정형 연애의 상징이지. >> 도사주예인 구합니다. >> 허용력이 넓다 보니 온갖 것들을 다 
6	구축	계축	1	 오래 벌 수 있는 방법, 새로운 파이프라인 구축 등등의 여러 가지 돈에 대한 생각이 있을 건
6	공신	경신	1	부하는게 정말 어려 어려워지게끔 만드는 1등 공신 중에 하난데요. 그 이유가 원인을 생각하지 
6	감수	금수	1	은요. 어, 어떤 기획 그리고 컨설팅 그리고 감수 뭐 감찰 요런데 아주 탁월한 재능을 보입니다
5	회개	화개	1	 분들 같은 경우에는 스무살 초반 부터 약간 회개 같고 그 뭐 변호사 기사 뭐 4짜 들어가는 
5	화교	화개	1	우에는 굉장히 아쉬운 부분이 많은 것 같아요 화교 쌀을 여러분들의 실질적으로 잘 사용하기 위해
5	홍살	형살	1	  도화살 홍살 진짜 예쁜 사주는 도화살 홍살 다들 들어는 
5	현지	년지	1	을 잘하고 잘 분리 시는 궤양성 이 있습니다 현지와 정재 갔다고 해서 다 처음부터 그런걸 삼촌 
5	햇수	해수	1	각 2개씩 나머 보면 님 목과 신금 사화 와 햇수로 아닙니다 이미 아시는 분들도 계시겠지만 이 
5	팔짜	팔자	1	기가 안좋을때 그렇게 바른 되고 혹은 타 줄 팔짜 이성이 타는 재성 관성이 없는 사람이 꾸네 
5	파주팔자	사주팔자	1	 느낌으로 가져갈 수 있다라고 볼 수 있는데 파주팔자의 수가 많으신 분들 즉 까만색이 많은 분들 같
5	토화	도화	1	 좀 여러 가지가 있는데 사실 목 일간들에게 토화 하수 팔자이 많은 경우에는 이때 여러분들이 
5	천일기인	천을귀인	2	말씀드렸죠 악당긴 문창귀인 문고기인 태극귀인 천일기인 여러가지가 있는데 그것들 중에서 제가 생각하
5	지장단	지장간	1	안에요 안에 전부 다 제가 옆에 적어 드렸던 지장단 속의 을목이 있고요 정화가 있고요 신금이 있
5	주진	무진	1	너 그렇게 부담 주지 마 뭐라고 그렇게 부담 주진 마 부담 주진 마? 어 나 도화지 써야 돼 
5	죄수	자수	1	물이기 때문에 언 애가 다이 먹어서는 둔부는 죄수가 있다 이렇게 판단하시면 되시겠어요 아 그리고
5	조해	조후	1	가 많은 경우 자체가 많은 경우 그럼 얘도음 조해도 내가 더우니까 물기운을 자꾸 끌어당겨서 음와
5	조왕	제왕	1	았던 거 아닌가 근데 또 장금이신처럼 저희가 조왕 할머니라고 그래서 조왕 주방신이 계세요 부엌
5	제지	지지	1	 쓰지 않은 겁니다. 아까 갑목 설명드릴 때 제지, 휴지 이런 거 갑목이라고 말씀드려 놓고 갑
5	정환	정관	1	 정재가 없거나 여성분들 같은 경우에는 편관 정환이 없는 분들은 이성을 바라본 기준이 학습이 안
5	정주	정재	1	 식신 혹은 상관이 많은 사주야. >> 식신 정주나 >> 땡. >> 식신이랑 상관은 사주십성 중
5	정쟁	정재	1	용될 수 있는 즉 다시 말해 금이 편재 또는 정쟁이 사주팔자 케이스를 보면 되겠죠. 지금 제가 
5	정일	정인	1	 들어왔습니다 자 지금 현재는 요 편히 민아 정일 날 막아 돈이 들어옵니다 이게 의미하는 게 
5	정오	정유	1	 7월이거든요 네 양력으로 7월이고 오시면은 정오예요 정우 오전 11시 반부터 낮 1시 반까지가 
5	정밀	정미	1	 그 다음에 정화는 우리도 그래서 기본적으로 정밀 주들이 굉장히 흠이 많고 힘 우리 사람들도 
5	정민	정미	1	니다. 영화 일간은 이제 이때부터 본격적으로 정민 내가 해야 할 일 그리고 내가 집중하고 싶은
5	정국	정축	1	고 그냥 넘어가는 넘어가 역시 돈 남자 >> 정국 씨가 그때 기부를 한 10억 정도를 하신 걸
5	접해	정해	1	화해낼 수 있다는 마음으로 여러 가지 일들을 접해 보시면서 내가 처리할 수 있는 일의 영향을 
5	점인	정인	1	맞춰서 적절하게 대응해 주는게 계수의 굉장한 점인 사람들이 계수하고 있잖아요 그럼 자기도 모르
5	재지	지지	1	음 아프겠죠. 어떤 선택을 하든 마음 아프고 재지 기운일 겁니다. 그게 가을 기운이고 그게 추
5	자숙	자식	1	여러분들 사주 공부 하실 때 항상 뭐 자수는 자숙 우와 는 우아하고 이제 이런 생각하시면 안되
5	자부	자수	1	어보겠습니다 끝까지 시청 해 주세요 [음악] 자부 선도화살을 보는 방법은 여러 가지의 비염이 
5	임이	임오	1	시면 좋은게이 사주를 보시면 일간이랑 카레는 임이라고 해서 지금 까만색이죠. 까만색은 제가 물이라
5	임의	임오	1	기에 대한 고민 접근 생각 방식 이런 것들을 임의로 한번 바꾸는 것도 괜찮다라 볼 수도 있는 거
5	임원	임인	1	시고 하시는 일이 대충 어떤 쪽이세요? >> 임원 비서 하고 있어요. >> 사주팔자에 혹시 식
5	임사	임자	1	 경우에는 닌자 입주 협의 미싱 객주 입니다 임사 a 또는 제니 그리고 임신 1주 는 마무 의
5	일운	월운	1	 4가지의 기준으로 나눕니다 대운/세운/월운/일운 이라는 건데 제가 하나씩 쉽게 설명해 드려 
5	인세	운세	1	 오늘 청소랑 다르게 다른 분들 모시고 와서 인세 영상을 보다 보니까 살짝은 라이트하면서 좀 
5	을먹	을목	1	이게 다 똑같이 하는 얘기일 거예요. 고서에 을먹은 병화를 보면 끝난다 뭐 이렇게 하니까. 그럼
5	육회사	육해살	2	찍을 수 있다고 하니 오히려 좋은 기회라고. 육회사를 잘 넘기려면 영상 요가로 마음을 평온하게 다
5	유급	유금	1	면 좋을 것 같아요 자 10번째로 유구입니다 유급 유라는 글자가 금이 붙어 있으니까 금은 금이
5	원성	인성	1	 사주의 임신 1주 라고 해서 저는 까마 3 원성이 로 태어났습니다 꼭 거 같네 까마 3 원소 
5	우진	무진	1	이 첫 번째 대우는 을축 두번째는 병인 정명 우진 그리고 기자 1회 있겠죠 자 그리고 4 지금
5	용인	용신	1	망하고 실제로 그런 일을 났을 때 어느 정도 용인이 되는게 있는데 이런 경험들이 반복되다 보면 
5	요화	오화	1	생각해 보면 되게 좋을 거 같아요. 어 명상 요화에 관심이 생기죠. 그렇죠? 신금일간에 이렇게 
5	온화	오화	1	 사주 특징 이래 가지고 인터넷에 검색하시면 온화하고 남을 아끼고 자기 표현을 잘하고 엄변이 화려
5	역사상	역마살	2	같지가 않습니다 매우 안타깝지만 제가 발견한 역사상 저를 포함한 대부분의 성공은 99%가 운 때
5	어부	억부	1	말씀입니다 아이돌 분들 배우들 같은 경우에도 어부 정이품 마 사람들이 많아요 외모가 되게 화려
5	양해살	육해살	2	 경우에는 가시적인 드라마틱한 사건이 그렇게 양해살 때문에 일어나지는 않는다 하지만 심리적인 동
5	양질	양지	1	째, 영감을 얻기 위해 다양한 콘텐츠, 특히 양질의 콘텐츠를 접하세요.  둘째, 꾸준히 자신만의
5	양자	양지	1	럼 2026년도에 이런게 뭐가 있겠죠? 바로 양자 컴퓨터죠. 왜냐하면 기존 컴퓨터는 0과 1로
5	야인	양인	1	의할 때 무오라는 글자 설명드릴 때 그 예전 야인 시대에 나왔던 그 협객 깡패 김두안네 김두안
5	알간	일간	1	 이런 거 있지 마시고요 자 어 이렇게 병정 알간 4월 운세 알아봤는데요 혹시나 좀 내 상황에
5	십신	식신	1	재, 편재 정재 이걸 하수 팔제에서 얘기하는 십신 또는 십성이라고 하는데 우리가 인생을 살아가
5	심신	임신	1	발달한 사람은 생활력이 강하다고 합니다 또한 심신이 건강하고 책임감이 강해 사랑하는 사람을 위한
5	신야	신약	1	입니다 이번 시간에는 요 아 신강 으 그리고 신야 으 또 움 c 노안 5 사주에 대한 말씀을 
5	시이	시지	1	 성원, 관심 보여 주셔서 어우, 제가 정말 시이 나고 또 한편으로론 아, 참 여러분들이 많이
5	시사	신사	1	장히 중요합니다 그래서 다시한번 말씀드리지만 시사를 사주팔자에 가지고 있는데 간혹 나라보다 그러
5	수식상	무식상	1	 화식상이 있고 토식상이 있고 금식상이 있고 수식상이 있는데 살이 잘 찌는 케이스 같은 경우에는 
5	수목화	수극화	2	고 까만색 물, 초록색, 나무, 빨간색 화이 수목화 흐름이 되게 잘 연결되 있다 볼 수 있는 거
5	소주	시주	1	그래서 매트 보시거나 모 호프집에서 하실때도 소주 도 마찬가지 겠지만 맥주가 좀 더 심합니다 
5	성미	정미	1	 내가 성격적으로도 나도 모르게 자꾸 욱하는 성미가 생길 수도 있겠지만 또 살다 보면은 직장에서
5	생사	상사	1	 합니다 만약 꼭 구매해야 한다면 전 주인의 생사 혹은 사고 유물을 꼭 확인해주세요 1위 의류
5	삼지	삼재	1	정한 곳이에요이 벽만큼은 절대 책상에 자리로 삼지 마세요 4번 90점 안정적이고 좋은 위치지만
5	사환	사화	1	 이제 점진적으로 수축하기 시작하는 에너지에 사환은 뭔가 점진적으로 드러나는 에너지의 시작이에요
5	사추	사주	1	들도 파이팅입니다. 자,네 번째로 금이 많은 사추 팔자의 특징인데 일단 금이 많다라는 건 기본
5	사제	사주	1	그런 것도 있고 이원복 셰프님이랑도 막 뭔가 사제 이런 캠이도 나오고요. 뭔가 좀 이분은 확실
5	사수팔자	사주팔자	1	 것 같아요. 이것도 사실 제가 그 도사님의 사수팔자 이렇게 국내 한골로 했을 때 26 27 28
5	비축	기축	1	다? 패만 빨리 꺼진다. 그래서 겨울은 힘을 비축하고 쉬는 시기입니다. 겨울생 분들은 본인이 조금
5	병치	병지	1	기를 유명한 기운입니다 그래서 보통 갑작스런 병치의 사건 사고 이별수를 겪는다고 합니다 하지만 
5	병주	병자	1	진다고 하니 나쁜 것만은 아니지. 이거 완전 병주고 약 주고잖아. >> 연네나 자산 관리에는 과
5	병연	병인	1	그렇게 느끼실 수 있고 진술축미 아는 글자가 병연이 되어 있는 경우에는 특히나 이러한 경향성이 
5	병과	병화	1	퇴사하고 싶다. 입에 달고 다니지만 실제로는 병과도 고민해서 사용할 정도로 성실하지. 어때? 맞
5	변주	년주	1	레이티브한 뭔가 늘 변화를 주면서 하는 일의 변주를 늘 주면서 그런 결론을 일을 하는게 조금 더
5	배우니	배우자	2	을 소개시켜드릴게요 예 10세에 대운이 17 배우니 기사 대용 입니다 20세에 대원이 우진 대용
5	방관	상관	1	 하면 안 될 거 같아요. 왜냐면 공부와 어 방관 어 방치 이런 거는 한끝 차이에요. 왜냐면 
5	바살	파살	1	로 호랑이띠, 말띠, 개띠야. 정말 축하해. 바살은 잡아당길판, 안장 안을 써서 말 안장 위에 
5	밑토	미토	1	토는 겨울에서 봄 사이에 있는 토고요. 우리 밑토는 봄에 봄에서 봄에서 여름 사이에 있는 토예요
5	미진	무진	1	  미진 대표의 대운을 보면 다음과 같습니다 여기 7
5	무지	무진	1	씀하시는 것도 약간 무진 느낌 나요. 그래서 무지는 사주팔자의 식상이 있냐 없냐가 되게 중요해요
5	무조	무오	1	더 중요한 식이다라고 볼 수도 있습니다. 단 무조는 조금 관계가 흔들릴 수 있는 이슈가 있고요.
5	무이	무오	1	거예요 그러면 고치고 배우면 되는 거죠 내가 무이 아프다고 해서 스쿼트가 이상한 아니라는 거예
5	무의	무오	1	 보면 시천간 12지가 있잖아요. 가을 병정 무의 경신인계 자축묘 진사의 신유술례 12 가지가
5	무우	무오	1	 됐다 되십니다 그럼 역행하는 경우에는 이제 무우가 될 것입니다 자모 자 이렇게 나왔어요 수행하
5	무선	무신	1	만 정전이 된다. 그러니까 그 뭐라 그러죠? 무선 차단기라 그러나요? 그 이름 까먹었네요. 그
5	무사	무자	1	00064057 v16 1 아무래도 좀 일본 무사 정령이 신 적인 존재다보니까 00064057
5	무간	무관	1	 말인데요 정말 무관 사주는 결혼을 못할까요 무간 사주는 사주에 관이 없다는 것을 의미하는데 
5	묘제	묘지	1	 묘지는 술도가 되는거구요 그 다음에 변화의 묘제 는 술도 입니다 똑같죠 옆에 있는 음악과 요
5	목금토	목극토	1	금 금 생수 그리고 아수 국화 화 가끔 등급 목금토 국수 바로 요거 입니다 제가 그래서 주구장창
5	목각토	목극토	1	 반합을 하게 됩니다 그래서 결국에이 묘목이 목각토로 가는 현상 이거를 보인다 이렇게 또 생각하시
5	모진	무진	1	 시 묘목이 도화살이 됩니다 자 그래서 이제 모진 도안이 가도 하니 이런 얘기 하는데요 저는 
5	마지	묘지	1	  마지 인생 대유소 소장 오사주입니다. 이제 6월 
5	당사	상사	1	겪고 넘어가는 부분이 있기 때문에 내가 이해 당사가 아니더라도 내 가족, 내 지인들이 막 돈 때
5	년인	편인	1	. 그러고 나서 장례식 치르시고 나중에 한 1년인가 제 꿈에만 보였는데 시장의 골목에 쭈구이 완
5	날자	팔자	1	신 기준의 재물을 의미하기 때문입니다 태어난 날자로 어떻게 신정 은퇴를 보는가요 포스텔러 만세력
5	나주	사주	1	이 정다영 외우는 떠라 보냈고 17년의 오니 나주에 들어왔다 다만 이 경 금과 자수 그리고 20
5	김수	금수	1	할 수 있는 부분이라고 본다면 좋은 예시로는 김수 작가님 사하 더불어서 사고 활동이 굉장히 발
5	근대	관대	1	 08:00 수익성 있게 가져갈 수 있는것도 근대 사회 자료 그래서 저는 여러분들이 여러분들이
5	구시	구신	1	가 이렇게 그 의식을 해 줘야 되는 뭐 그게 구시 됐건 치성이 됐건 그 의식을 해 줘야 되는 
5	구미	계미	1	릴께요 여러분들 여기가 무슨 자리 조 배우자 구미 줘 배우자 0 이기 때문에 만약에 여기서 대
5	관정	관성	1	치료할지 확실지 않고요. 될 수 있나? 인공 관정 수술 있으면 하고 나왔으면 좋겠습니다. 어디
5	과대	관대	1	같은 것들이 나한테 너무 크게 다가오는 거야 과대 해석하고 뭔가 집착하게 되는 거야 평소의 나
5	견관	편관	1	 근데 우리가 쉽게 말씀드려서 뭐 내가 상관 견관이 있다 그러면 대단히 좀 두려워하신단 말입니다
5	갑작	갑자	1	입니다 그래서 우울증이 생기거나 혹은 생각이 갑작이 많아져서 생각에 잡 먹히는 경우가 있어요 평
5	간살	관살	1	지에 미가 있을 때 발현을 합니다 자이 귀문 간살이 내 사주에 있으면요 약간 초월적인 사고가 된
4	환대	관대	1	 적이 있는것 같아요 그리고 얘는 사환 되요 환대 안에 강한 금을 품고 있습니다 그리고 얘는 
4	화대	화개	1	대운이 니까 안좋다 추대 오니까 더 안 좋다 화대 우니까 좋다 이런 오류를 번 하지 마시구요 
4	화기살	화개살	1	면 되는데 자 첫 번째 용을 뜻하는 진토라는 화기살이 사주팔자에 있는 분들은 쥐를 뜻하는 자수 개
4	홍염차	홍염살	2	분들이 많더라고요 그리고 생각보다 여러분들이 홍염차를 가지고 계신 경우가 있습니다 그런데인지를 하
4	홍료	동료	1	게 보는 프리미엄 6월 운세는 도아도로 채널 홍료 멤버십 가입하시면 보실 수 있으니까 사주 한
4	홍념사	홍염살	2	26년은 병오년이니까 오라는 글자에 해당하는 홍념사를 쓸 수 있는 일간은 바로 갑목과 을목이죠. 
4	해설	해살	1	 그 말이였구나라는 걸 이해할 수 있는 약간 해설 같은 느낌으로 만드는 거여서 그래서 저는 제
4	해갈	해살	1	면 오히려 그런 것들을 경금관들이 8월부터는 해갈 수 있단 말이죠. 밀렸던 일들 잘 할 수도 
4	피지	지지	1	요합니다. 물론 경금 일간들 중에 제도 많고 피지만 제처럼 사시는 분들도 많기 때문에 이런 거는
4	표지	묘지	1	 단순히 돈을 의미한다는게 아니라 사주팔자의 표지 정재가 없는 분들 적당히 있는 분들 많은 분
4	포화	도화	1	 건 아시겠죠 웰치 를 포함 했을 때요 월지 포화 금이 두 개 혹은 두 개 이상이신 분들은 기
4	팔다	팔자	1	> 그럼 그 동물이 그대로 왔을 때 내 사주 팔다 좀 증폭되는게 있거든요. >> 아. 네. 그
4	튀지	태지	1	 해서 목표를 세웠고 그 목표를 달성했다 면 튀지도 않고 다시 새로운 목표를 설정하고 또 이루어
4	통은	통근	1	전국 씨가 처음이었던 거 같아서 진짜 확실히 통은 확실히 크신 거 같아요. >> 맞아. >> 
4	태운	대운	1	 얘기합니다 근데 공망은 개인적으로 대부분과 태운 위주로 보시는 것이 좋구요 특히 세운이 가장
4	침수	임수	1	는 뭔가 4월 달에 내 영역이나 이런 것들이 침수, 침범 받는 느낌이 좀 들 수가 있어요. 상
4	추신	구신	1	니다 보온 이구요 이본 이라는 건 말 그대로 추신 분들을 춤 50 분들을 분들께서 봄이 올때까
4	천안	천간	1	경차 감 나가지 못해서 결국 가해진다 될 빈 천안 사주팔자의 유명에 다라 오거든요 무슨 말이냐
4	천산	천살	1	요 이거를 천 이게 천 자예요 하늘천 그 산 천산 둔이라 그래요 또는 돈이라고도 얘기를 합니다
4	채운	대운	1	러분 마음속에 있는데 그 심은 그 심은 곳에 채운 물이 어떤 물이고 나에게 태양이란 어떤 건지
4	지장감	지장간	1	 하잖아요. 그런데 이제 간여지동 중에서도이 지장감 밑에 자기의 성분으로만 되어 있는 일주 세 
4	지디	지지	1	이고 피곤하다 이러면서 안 볼 수 있습니다. 지디랑 결혼하면 재단 만들 수 있겠다 생각했지. 안
4	증인	정인	1	했는데. 데 네. 막 이쪽 증거 수집하고 막 증인 불러 모으고 뭐 어쩌고 저쩌고 막 다 하잖아
4	중합	궁합	1	사람에 대해서 한번 말씀을 드렸습니다. 물론 중합을 보실 때는 상대방과 내사주팔자의 일간도 비교
4	중미	정미	1	고해 주시면 좋을 것 같고요 마지막으로 진술 중미 애들은 다 노란색이죠 노란색을 사주팔자에 뭔
4	조호	조후	1	들이 많이 해당되는 얘기입니다. 이 [음악] 조호 보정이라는게 어려운 거 없어요. 내 사주 여
4	제수	자수	1	데 바로 제물 몸입니다 어떤 꿈을 꿨는데 굉 제수가 들어 왔더라 아니면 어떤 꿈을 꾸고 나서 큰
4	정호	정해	1	은 저랑 홍년 멤버십 구독자 님이신 예 우리 정호 님이라고 합니다 반갑습니다 어서 오세요 정우
4	정행	정해	1	  정행이 일어날 수 있는 대표적인 현상네 가지를 한번
4	정추	정축	1	 틀에서 이걸 확인하셨을 겁니다 하지만 아이 정추 거에는 아 내가 이래서 그런 일이 일어났구나
4	정에	정유	1	 붙잡혀서 고생을 오래 해요. [음악] 또이 정에 약해 가지고 자기가 제일 약합니다. 또 
4	적재	정재	1	들이 20년 한 해 동안 토일간 분들에게 좀 적재 족소에 도움을 받을 수 있는 부분이 있거든요
4	저식	자식	1	해지고 내가 어떤 썸남 썸녀와의 뭔가 거식이 저식이 뭐가 있어? 6월 달에. 그럼 7월 달에는 
4	저수	자수	1	하면은 여기서 이제 의미라는 것은 수 기운이 저수 수 기운이 강하면 은 우울증이나 공항 장애가
4	쟁재	정재	1	 이제 어떤 현상이 일어나는지 아시겠죠 군비 쟁재 군것 쟁재라고 우리가 흔히 부르는 오히려 비
4	장송살	장성살	1	이띠 말띠 개띠인데요 12신살 중 가장 좋은 장송살이 들어온다고 합니다 장송살은 한자로 대군을 이
4	자소	자수	1	우 취약한 사람이라 볼 수도 있고요. 묘목과 자소가 옆에 있으면은 자묘 형살이라고 해서 물의 지
4	자성	재성	1	재했던 컨텐츠를 보면 뭐 간 녀 지도 도화살 자성 살 뭐 이런 것이다 비싼 개념이죠 유기적인 
4	임지	임진	1	고 해서 아 내가 잘 개발을 해야 겠다 하고 임지 하는게 아니라 그냥 그 사람들의 라이프 스타
4	임장	임자	1	 같이 공부하거나 스터디 케이스 같은 것들, 임장 또는 투자 공부 이런 것들을 나 혼자 하는 
4	임은	임인	1	의미하고요. 경은 큰 바위,시는 다이아몬드, 임은 큰 바다, 개는 시물 또는 겨울비를 의미합니
4	임시	임신	1	많다 볼 수도 있습니다 그 외에 빈이 발달한 임시가 문을 특징은 제가 제 홈페이지를 한번 참고해
4	일조	일지	1	신 있으실 거에요 브라 사람들 사줄게 표적인 일조를 좀 말씀드리면 4 무진 무술 기축 이미 교 
4	일성	인성	1	어 어 그러다 혼자 지금 자연사 할각 이구만 일성 표 보셨을 때 도화가 하나도 없으면서 오행을
4	인폭	인목	1	> 천주 귀인의 장점 하나 더. 이 사람들은 인폭도 훌륭하다고 해. 평소에 넘치는 복을 주변 사
4	이주	시주	1	 많은 분들 좋아해 주시더라고요. 근데 원래 이주는 제가 늘 속년 멤버십에서 말씀을 드리는 부분
4	을까	을사	1	 v16 1 안 좋은 거였을 수도 있지 않았 을까 라는 생각도 들었습니다 00100221 - 
4	은성	인성	1	난 게 대부분의 고등학생들이 공부를 하다보면 은성 적성에 기복이 있게 마련이잖아요 1 친구를 
4	유화	오화	1	나쁘지 않다라 볼 수 있겠죠 이게 가장 많이 유화하고 그 다음에 제가 아까 십성 설명드릴 때이 십
4	유근	유금	1	 이제 저희는 수확을 하게 됩니다 아 당연히 유근이 구간에서 저희가 수확을 하게 되는 거구요 그
4	월씨	월지	1	사주를 해석할 때 큰 도움이 돼. 나는 생년 월씨만 줄 테니 어디 한번 맞춰봐라 하기보다 정보를
4	월시	월지	1	주 지장간도 포함하는 겁니다. 그리고 나머지 월시에 일시에 관성을 공격하는 에너지가 있는 경우 
4	월룬	월운	1	야 돼요. 이걸 그대로 막 막 내 사주에 막 월룬을 막 대입하면 이게 막 꼬이기 시작하거든요. 
4	원지	월지	1	[음악] 특성이 꺾여서 잘 안 나와요. 근데 원지는 두 기운이 충돌하지 않고 기틀어져서 나와요.
4	예사	계사	1	다 보니까 내년에 저에게 들어오는 운기가 아 예사 지가 않은 거예요 채널의 운영 방향을 조금 
4	영인	경인	1	 뭔가 인정받는 형태로 가지 않을까 싶어요. 영인 님 항상 라이브 들어와 주시고 이렇게 댓글 
4	역마라	역마살	2	 해외 역마로 작용되는 분들이 있습니다 해외 역마라는 건, 내가 돈을 벌어도 외화나 외국에서 돈을
4	양인싸	양인살	2	가 계산이 서잖아요 근데 잘 보세요이 명식은 양인싸라고 자수가 충돌하고 있습니다 그리고 이노술의 인
4	양인세	양인살	2	 왕지들네 자묘우유가 그대로 다 있죠 갑목의 양인세는 묘목 병화의 양일산은 5와 경금의 양인세는 
4	양인사	양인살	1	 지장간 속에서 을신충을 하다 보니까이 겁재 양인사를 자꾸 건드리게 되거든요. 그럼 내가 성격적으
4	아수	자수	1	 아홉수. >> 네. 아, >> 근데 이제이 아수가 명리학 대운이 바뀌는 교차점인 거고 무속상으
4	심지	시지	1	금 열심히 일하면서 어 뭐 예를 들면 사과를 심지만 남는 시간에 상추를 심었고 그게 딱 나왔으니
4	심자	임자	1	니다 자 그렇기 때문에 음모 게 천을 개인은 심자 그리고 신금 의 1000억 이는 이 녹아 되
4	실신	식신	1	밖에 없고 나머지는 아예 없거나 신약한 분들 실신 상관 편재 정재 편관 정관이 압도적으로 많은
4	신차	신사	1	주시고 카카오톡 친구 트는 투자까지 내주셔서 신차 해주시면 될것 같습니다 조금 더 여러분들의 
4	신지	시지	1	에요, 이분은. 저는 근데 그래 생각해 보면 신지가 없는 거 같 신이 없는 거 같아요. 유튜브 
4	신요	신묘	1	자 금 많은 분들을 유형별로 나누어서 26년 신요 운세에 어떤 일이 있을 수 있는지 좋은 일 
4	신민	신미	1	 그래 그래 알겠는데 그럼 사주 더가 느끼는 신민은 뭔데 제가 지금부터 또 설명해 드릴게요 일단
4	신리	신미	1	리고 이제 여기 재밌는 라인이 왔어. 기사, 신리 기축. 여기가 이제 집착공형이에요. 근데 그
4	식킨	식신	1	와서 이제 활동을 하고 무대 서고 하는 거는 식킨 상관이라 볼 수 있거든요. 근데 이미 쿠기님
4	식순	식신	1	 실제 일원에서 더 이론에 저도 저희가 이제 식순에 어떤 꾸준하다 어치 속성이 있다 이렇게 얘기
4	식상생재	식신생재	2	사주’ 라고 하면 늘 빠짐없이 나오는 말이 [식상생재] 라는 단어가 있습니다 식신과 상관을 잘 활
4	수주	시주	1	한 조금 믿음은 있겠으나 사출 구성에 따라서 수주가 굉장히 중요하게 되는 경우가 아니고서는 하루
4	성리학	명리학	2	이 관점은 사실 성리학이거든요. 그래서 사실 성리학, 명리학 둘 다 공부를 해야겠죠. 어, 성리
4	서지	시지	1	용 말띠 여자는 팔자가 두세다. 보아 카리나 서지처럼 호랑이 띠 용띠 말띠엔 여자들은 팔자가 세다
4	상아	상사	1	같습니다 또한 듯 사주팔자 에서 뒷목과 신금 상아와 햇수가 경종이 될 때 역마 의 된 자가 더 
4	상쇄	상사	1	 연애운이 들어오고 한쪽에 이별운이 들어오면 상쇄가 되잖아 상쇄가 되니까 그래서 나도 약간은 조
4	상관페인	상관패인	1	경우도 있죠 그리고 우리가 보편적으로 여기는 상관페인이라 그래서 좋게 얘기를 하고 여기는 평행도식이 
4	상견	상관	1	는 연애하시는 분들 같은 경우에는 이때 양과 상견 같은 것도 진행될 수 있는 부분이 있고 전체
4	산재	삼재	1	는 결과를 얻는데 뭔가 해야 될 것들이 되게 산재에 있을 거예요. 그 산재한 것들 중에 우선 순
4	삐지	지지	1	 어떤 말 한 마디에 막 이렇게 막 반응하고 삐지고 이거 저예요. 저 5사주 [웃음] 근데 여러
4	부소	부모	1	게 바닥이 그요 이러면서 이사가 있거나 이직 부소 이동 같은 이동수가 좀 있긴 한데 뭐 이건 
4	부목	부모	1	많기 때문이에요. 물론 갑목은 고전에서 수다 부목 이런치 않다고 얘기를 하긴 해요. 근데 제가
4	보화살	도화살	1	  사람을 홀리는 보화살 손금은 주로 사용하는 손을 펴보세요이 손금이
4	배운지	배우자	2	테 자꾸 접근하는 일은요. 여기네 번째 있는 배운지 오래된 학생입니다. 그런데 주역에서는요. 이
4	배수	해수	1	그 제가 생각을 해 봤거든요. 왜 귀여울까? 배수가 약간 자기 존재감을 의도적으로 좀 없앨 수 
4	민성	인성	1	좀 잘 봐 주세요 자 그리고 요 금 인성 그 민성은 뭐 4 듯 않아서 그 민성 저는 개인적으로 
4	민사	신사	1	산인지 형산인지 이거에 따라서도 달라지고 또 민사 안에서도 지금 1심인지 2심인지 이런 걸 좀
4	묻자	무자	1	서 여성이라고 겁니다 자 그러면 이 5가지를 묻자 부터 내 인생 에 해당하는 이 들어올 때 아
4	문진	무진	1	 보세요.  다섯 번째는 무진일주입니다 .  문진은 노란 용을 의미합니다.  그런데 올해, 그러
4	묶인	무인	1	 이렇게 같은 기운 겉에서 보여지는 모습으로 묶인 합을 우리는 [음악] 방합이란 방합 말고도 
4	무통	무토	1	 있습니다 실제로 사주팔자의 무토가 간이신고 무통이 들어올 때 비교적 넓은 그리로 이동을 하시거
4	무주	무재	1	 따라란. 자, 희망 님 무토 부탁드립니다. 무주요. 어, 무월주 어떤게 궁금하세요? 우리 무일
4	무일	무인	1	기토는 정인이 됩니다 아 저도 마찬가지입니다 무일 주다 그러면은 무토 자체가 편인 의 기운이 
4	무은	무인	1	자 조금 더 영향을 많이 받아요. 데 기토나 무은 오는 거 안 맞고 가는 거 안 잡고 요런게 
4	무에	무오	1	많을 거란 거를. 그럼 반대로 26년 동안이 무에 있으시면서이 사람이 했던 질문이 너무 기억이
4	무식한	무식상	2	 건 정말 대단히 야만적이고 어찌 보면은 좀 무식한 그런 통변이 되겠죠 하지만 남자든 여자든 제
4	무소	무오	1	한 고민이라고 생각을 하거든요. 예를 들어서 무소 콘텐츠라고 하면은 제가 무당이니까 띠별 온세
4	무로	무오	1	 있겠죠 근데 병오 정미에 갈수록 더 결과가 무로 익을 거예요 그렇기 때문에 너무 내가 뭔가를
4	모신	무신	1	서 너무 좋았고 >> 꼼꼼하고 디테일한 제가 모신 권수진 만신님. [웃음] >> 음. 많은 활
4	마진	무진	1	  안녕하세요 마진 인생 데이터 연구소 소장 오사즈 3월 5일부
4	대수	해수	1	 되는 조합이야. 두 번째 계수 병화 조합. 대수는 병화를 좋아하는 마음을 절대 티내지 않아. 
4	년제	년지	1	고 계시고 있어요 지금. [웃음] 근데 제가 년제 49를 보다 보면 똑같은 무속인 분들이신데 
4	기죠	기묘	1	고이 토를 또 자세히 봤을 때는 어때요 정을 기죠 그렇죠 여기에는 계수의 기운이 하나도 없어요
4	기조	기토	1	 들어가서 냅다. 그러니까 그 이거야. 일석 기조로 만들고 싶은 거야. 돈도 벌고 기술도 배우고
4	기센	기신	1	 합니다 과 0 어떻게 알 수 있을까요 보통 기센 사주를 가진 사람들은 할 말에 무조건 한다는
4	기밀	기미	1	문에 관심을 갖기도 합니다. 그래서 비밀이나 기밀 사항처럼 세상에 드러나지 않는 또는 드러나면
4	기리	기미	1	 인생을 내가 한번 찾아보고 그리고 그분의을 기리는 그런 행위만으로도 나의 인생이 달라질 수 있
4	금주	금수	1	동안 좀 엄격히 금해 주시는 것이 중요하다. 금주, 금연 이런 것들 있죠. 그리고 너무 도파민
4	금새	금수	1	 있다 가정을 해 볼게요 i 이걸 쓴 에 관 금새 여러분들이 한번 규사 넣으세요 여기서 출발했
4	금부	금수	1	 조금 검증할 수 없는 거 생각하는데 실제로 금부 치용을 가까이 했을 때 오행 금이 좀 뭔가 
4	구실	구신	1	 수는 1번과 6번입니다. 뭐 너무 예민하게 구실 필요는 없으시겠지만 뭐 전화번호라든가 이왕이
4	구사	계사	1	데 약간 94년생 가수때도 그렇거든요. 제가 구사잖아요. 어. 예. 예. 근데 갑술 연생의 예술성과
4	공자	경자	1	째 운세 문장은 여러분들께 조언드리고 싶은게 공자는 없다입니다. 그런 거 있죠. 뭐 세 배 불려
4	계자	계사	1	년에 화개살이는 기운이 들어옵니다 꽃화 덮을 계자를 써서 꽃으로 힌 상자를 뜻하는데요이 상자에 
4	경합	궁합	1	만나게 되면 여러분들은 어떻게 됩니까 그 의 경합 금이나 버리죠 그러면 어 금이 나오니까 경금
4	경차	경자	1	는 이것을 다 관리하지 못해서 혹은 약 보내 경차 감 나가지 못해서 결국 가해진다 될 빈 천안
4	경전	경진	1	잖아요. 그러니까 이제 신을 모시는 입장이고 경전이 있지는 않지만 무가라고 해서 이제 어떤 그 
4	경의	경오	1	그래서 저 중요한 거는 신금 인간분들은 이번 경의 노래 내가 표현을 어떻게 현명하게 할까입니다
4	격구	격국	1	판단을 할 때 막 13 적인 거 보고 10성 격구 뭐 이런 것들을 따 짓이다 보면은 안보여요 
4	겁배	겁재	1	 없고 그러니까 이제 겁재 선배가 겁배네요. 겁배. 네. 이 겁재 선배가 야 우리 사이에 뭐 
4	갑빈	갑진	1	용기와 대담함을 가진 브리핑도 반장은 갑자와 갑빈. 하지만 하늘 아래에 두 개의 태양은 있을 
4	갑도	갑오	1	 그중에 첫 번째가 갑이에요. 갑질하다. 그 갑도이 갑이죠. 이 지지신금은 가을의 시작이에요. 
4	가인	갑인	1	로 카테고리 라이즈 에서 보는데 첫번째로 e 가인 이라는 자리에 감옥 이라는 글자 를 목 이라
4	가식	자식	1	아내는 능력도 뛰어납니다. 이런 특성 때문에 가식, 소식, 뉴스, 비정형화된 정보를 다루거나 
